harmonico,amplitude,angulo
10.001667,100,0
10.003333,100,0
10.005,100,0
10.006667,100,0
10.008333,100,0
10.01,100,0
10.011667,100,0
10.013333,100,0
10.015,100,0
10.016667,100,0
10.018333,100,0
10.02,100,0
10.021667,100,0
10.023333,100,0
10.025,100,0
10.026667,100,0
10.028333,100,0
10.03,100,0
10.031667,100,0
10.033333,100,0
10.035,100,0
10.036667,100,0
10.038333,100,0
10.04,100,0
10.041667,100,0
10.043333,100,0
10.045,100,0
10.046667,100,0
10.048333,100,0
10.05,100,0
10.051667,100,0
10.053333,100,0
10.055,100,0
10.056667,100,0
10.058333,100,0
10.06,100,0
10.061667,100,0
10.063333,100,0
10.065,100,0
10.066667,100,0
10.068333,100,0
10.07,100,0
10.071667,100,0
10.073333,100,0
10.075,100,0
10.076667,100,0
10.078333,100,0
10.08,100,0
10.081667,100,0
10.083333,100,0
10.085,100,0
10.086667,100,0
10.088333,100,0
10.09,100,0
10.091667,100,0
10.093333,100,0
10.095,100,0
10.096667,100,0
10.098333,100,0
10.1,100,0
10.101667,100,0
10.103333,100,0
10.105,100,0
10.106667,100,0
10.108333,100,0
10.11,100,0
10.111667,100,0
10.113333,100,0
10.115,100,0
10.116667,100,0
10.118333,100,0
10.12,100,0
10.121667,100,0
10.123333,100,0
10.125,100,0
10.126667,100,0
10.128333,100,0
10.13,100,0
10.131667,100,0
10.133333,100,0
10.135,100,0
10.136667,100,0
10.138333,100,0
10.14,100,0
10.141667,100,0
10.143333,100,0
10.145,100,0
10.146667,100,0
10.148333,100,0
10.15,100,0
10.151667,100,0
10.153333,100,0
10.155,100,0
10.156667,100,0
10.158333,100,0
10.16,100,0
10.161667,100,0
10.163333,100,0
10.165,100,0
10.166667,100,0
10.168333,100,0
10.17,100,0
10.171667,100,0
10.173333,100,0
10.175,100,0
10.176667,100,0
10.178333,100,0
10.18,100,0
10.181667,100,0
10.183333,100,0
10.185,100,0
10.186667,100,0
10.188333,100,0
10.19,100,0
10.191667,100,0
10.193333,100,0
10.195,100,0
10.196667,100,0
10.198333,100,0
10.2,100,0
10.201667,100,0
10.203333,100,0
10.205,100,0
10.206667,100,0
10.208333,100,0
10.21,100,0
10.211667,100,0
10.213333,100,0
10.215,100,0
10.216667,100,0
10.218333,100,0
10.22,100,0
10.221667,100,0
10.223333,100,0
10.225,100,0
10.226667,100,0
10.228333,100,0
10.23,100,0
10.231667,100,0
10.233333,100,0
10.235,100,0
10.236667,100,0
10.238333,100,0
10.24,100,0
10.241667,100,0
10.243333,100,0
10.245,100,0
10.246667,100,0
10.248333,100,0
10.25,100,0
10.251667,100,0
10.253333,100,0
10.255,100,0
10.256667,100,0
10.258333,100,0
10.26,100,0
10.261667,100,0
10.263333,100,0
10.265,100,0
10.266667,100,0
10.268333,100,0
10.27,100,0
10.271667,100,0
10.273333,100,0
10.275,100,0
10.276667,100,0
10.278333,100,0
10.28,100,0
10.281667,100,0
10.283333,100,0
10.285,100,0
10.286667,100,0
10.288333,100,0
10.29,100,0
10.291667,100,0
10.293333,100,0
10.295,100,0
10.296667,100,0
10.298333,100,0
10.3,100,0
10.301667,100,0
10.303333,100,0
10.305,100,0
10.306667,100,0
10.308333,100,0
10.31,100,0
10.311667,100,0
10.313333,100,0
10.315,100,0
10.316667,100,0
10.318333,100,0
10.32,100,0
10.321667,100,0
10.323333,100,0
10.325,100,0
10.326667,100,0
10.328333,100,0
10.33,100,0
10.331667,100,0
10.333333,100,0
10.335,100,0
10.336667,100,0
10.338333,100,0
10.34,100,0
10.341667,100,0
10.343333,100,0
10.345,100,0
10.346667,100,0
10.348333,100,0
10.35,100,0
10.351667,100,0
10.353333,100,0
10.355,100,0
10.356667,100,0
10.358333,100,0
10.36,100,0
10.361667,100,0
10.363333,100,0
10.365,100,0
10.366667,100,0
10.368333,100,0
10.37,100,0
10.371667,100,0
10.373333,100,0
10.375,100,0
10.376667,100,0
10.378333,100,0
10.38,100,0
10.381667,100,0
10.383333,100,0
10.385,100,0
10.386667,100,0
10.388333,100,0
10.39,100,0
10.391667,100,0
10.393333,100,0
10.395,100,0
10.396667,100,0
10.398333,100,0
10.4,100,0
10.401667,100,0
10.403333,100,0
10.405,100,0
10.406667,100,0
10.408333,100,0
10.41,100,0
10.411667,100,0
10.413333,100,0
10.415,100,0
10.416667,100,0
10.418333,100,0
10.42,100,0
10.421667,100,0
10.423333,100,0
10.425,100,0
10.426667,100,0
10.428333,100,0
10.43,100,0
10.431667,100,0
10.433333,100,0
10.435,100,0
10.436667,100,0
10.438333,100,0
10.44,100,0
10.441667,100,0
10.443333,100,0
10.445,100,0
10.446667,100,0
10.448333,100,0
10.45,100,0
10.451667,100,0
10.453333,100,0
10.455,100,0
10.456667,100,0
10.458333,100,0
10.46,100,0
10.461667,100,0
10.463333,100,0
10.465,100,0
10.466667,100,0
10.468333,100,0
10.47,100,0
10.471667,100,0
10.473333,100,0
10.475,100,0
10.476667,100,0
10.478333,100,0
10.48,100,0
10.481667,100,0
10.483333,100,0
10.485,100,0
10.486667,100,0
10.488333,100,0
10.49,100,0
10.491667,100,0
10.493333,100,0
10.495,100,0
10.496667,100,0
10.498333,100,0
10.5,100,0
10.501667,100,0
10.503333,100,0
10.505,100,0
10.506667,100,0
10.508333,100,0
10.51,100,0
10.511667,100,0
10.513333,100,0
10.515,100,0
10.516667,100,0
10.518333,100,0
10.52,100,0
10.521667,100,0
10.523333,100,0
10.525,100,0
10.526667,100,0
10.528333,100,0
10.53,100,0
10.531667,100,0
10.533333,100,0
10.535,100,0
10.536667,100,0
10.538333,100,0
10.54,100,0
10.541667,100,0
10.543333,100,0
10.545,100,0
10.546667,100,0
10.548333,100,0
10.55,100,0
10.551667,100,0
10.553333,100,0
10.555,100,0
10.556667,100,0
10.558333,100,0
10.56,100,0
10.561667,100,0
10.563333,100,0
10.565,100,0
10.566667,100,0
10.568333,100,0
10.57,100,0
10.571667,100,0
10.573333,100,0
10.575,100,0
10.576667,100,0
10.578333,100,0
10.58,100,0
10.581667,100,0
10.583333,100,0
10.585,100,0
10.586667,100,0
10.588333,100,0
10.59,100,0
10.591667,100,0
10.593333,100,0
10.595,100,0
10.596667,100,0
10.598333,100,0
10.6,100,0
10.601667,100,0
10.603333,100,0
10.605,100,0
10.606667,100,0
10.608333,100,0
10.61,100,0
10.611667,100,0
10.613333,100,0
10.615,100,0
10.616667,100,0
10.618333,100,0
10.62,100,0
10.621667,100,0
10.623333,100,0
10.625,100,0
10.626667,100,0
10.628333,100,0
10.63,100,0
10.631667,100,0
10.633333,100,0
10.635,100,0
10.636667,100,0
10.638333,100,0
10.64,100,0
10.641667,100,0
10.643333,100,0
10.645,100,0
10.646667,100,0
10.648333,100,0
10.65,100,0
10.651667,100,0
10.653333,100,0
10.655,100,0
10.656667,100,0
10.658333,100,0
10.66,100,0
10.661667,100,0
10.663333,100,0
10.665,100,0
10.666667,100,0
10.668333,100,0
10.67,100,0
10.671667,100,0
10.673333,100,0
10.675,100,0
10.676667,100,0
10.678333,100,0
10.68,100,0
10.681667,100,0
10.683333,100,0
10.685,100,0
10.686667,100,0
10.688333,100,0
10.69,100,0
10.691667,100,0
10.693333,100,0
10.695,100,0
10.696667,100,0
10.698333,100,0
10.7,100,0
10.701667,100,0
10.703333,100,0
10.705,100,0
10.706667,100,0
10.708333,100,0
10.71,100,0
10.711667,100,0
10.713333,100,0
10.715,100,0
10.716667,100,0
10.718333,100,0
10.72,100,0
10.721667,100,0
10.723333,100,0
10.725,100,0
10.726667,100,0
10.728333,100,0
10.73,100,0
10.731667,100,0
10.733333,100,0
10.735,100,0
10.736667,100,0
10.738333,100,0
10.74,100,0
10.741667,100,0
10.743333,100,0
10.745,100,0
10.746667,100,0
10.748333,100,0
10.75,100,0
10.751667,100,0
10.753333,100,0
10.755,100,0
10.756667,100,0
10.758333,100,0
10.76,100,0
10.761667,100,0
10.763333,100,0
10.765,100,0
10.766667,100,0
10.768333,100,0
10.77,100,0
10.771667,100,0
10.773333,100,0
10.775,100,0
10.776667,100,0
10.778333,100,0
10.78,100,0
10.781667,100,0
10.783333,100,0
10.785,100,0
10.786667,100,0
10.788333,100,0
10.79,100,0
10.791667,100,0
10.793333,100,0
10.795,100,0
10.796667,100,0
10.798333,100,0
10.8,100,0
10.801667,100,0
10.803333,100,0
10.805,100,0
10.806667,100,0
10.808333,100,0
10.81,100,0
10.811667,100,0
10.813333,100,0
10.815,100,0
10.816667,100,0
10.818333,100,0
10.82,100,0
10.821667,100,0
10.823333,100,0
10.825,100,0
10.826667,100,0
10.828333,100,0
10.83,100,0
10.831667,100,0
10.833333,100,0
10.835,100,0
10.836667,100,0
10.838333,100,0
10.84,100,0
10.841667,100,0
10.843333,100,0
10.845,100,0
10.846667,100,0
10.848333,100,0
10.85,100,0
10.851667,100,0
10.853333,100,0
10.855,100,0
10.856667,100,0
10.858333,100,0
10.86,100,0
10.861667,100,0
10.863333,100,0
10.865,100,0
10.866667,100,0
10.868333,100,0
10.87,100,0
10.871667,100,0
10.873333,100,0
10.875,100,0
10.876667,100,0
10.878333,100,0
10.88,100,0
10.881667,100,0
10.883333,100,0
10.885,100,0
10.886667,100,0
10.888333,100,0
10.89,100,0
10.891667,100,0
10.893333,100,0
10.895,100,0
10.896667,100,0
10.898333,100,0
10.9,100,0
10.901667,100,0
10.903333,100,0
10.905,100,0
10.906667,100,0
10.908333,100,0
10.91,100,0
10.911667,100,0
10.913333,100,0
10.915,100,0
10.916667,100,0
10.918333,100,0
10.92,100,0
10.921667,100,0
10.923333,100,0
10.925,100,0
10.926667,100,0
10.928333,100,0
10.93,100,0
10.931667,100,0
10.933333,100,0
10.935,100,0
10.936667,100,0
10.938333,100,0
10.94,100,0
10.941667,100,0
10.943333,100,0
10.945,100,0
10.946667,100,0
10.948333,100,0
10.95,100,0
10.951667,100,0
10.953333,100,0
10.955,100,0
10.956667,100,0
10.958333,100,0
10.96,100,0
10.961667,100,0
10.963333,100,0
10.965,100,0
10.966667,100,0
10.968333,100,0
10.97,100,0
10.971667,100,0
10.973333,100,0
10.975,100,0
10.976667,100,0
10.978333,100,0
10.98,100,0
10.981667,100,0
10.983333,100,0
10.985,100,0
10.986667,100,0
10.988333,100,0
10.99,100,0
10.991667,100,0
10.993333,100,0
10.995,100,0
10.996667,100,0
10.998333,100,0
11.0,100,0
11.001667,100,0
11.003333,100,0
11.005,100,0
11.006667,100,0
11.008333,100,0
11.01,100,0
11.011667,100,0
11.013333,100,0
11.015,100,0
11.016667,100,0
11.018333,100,0
11.02,100,0
11.021667,100,0
11.023333,100,0
11.025,100,0
11.026667,100,0
11.028333,100,0
11.03,100,0
11.031667,100,0
11.033333,100,0
11.035,100,0
11.036667,100,0
11.038333,100,0
11.04,100,0
11.041667,100,0
11.043333,100,0
11.045,100,0
11.046667,100,0
11.048333,100,0
11.05,100,0
11.051667,100,0
11.053333,100,0
11.055,100,0
11.056667,100,0
11.058333,100,0
11.06,100,0
11.061667,100,0
11.063333,100,0
11.065,100,0
11.066667,100,0
11.068333,100,0
11.07,100,0
11.071667,100,0
11.073333,100,0
11.075,100,0
11.076667,100,0
11.078333,100,0
11.08,100,0
11.081667,100,0
11.083333,100,0
11.085,100,0
11.086667,100,0
11.088333,100,0
11.09,100,0
11.091667,100,0
11.093333,100,0
11.095,100,0
11.096667,100,0
11.098333,100,0
11.1,100,0
11.101667,100,0
11.103333,100,0
11.105,100,0
11.106667,100,0
11.108333,100,0
11.11,100,0
11.111667,100,0
11.113333,100,0
11.115,100,0
11.116667,100,0
11.118333,100,0
11.12,100,0
11.121667,100,0
11.123333,100,0
11.125,100,0
11.126667,100,0
11.128333,100,0
11.13,100,0
11.131667,100,0
11.133333,100,0
11.135,100,0
11.136667,100,0
11.138333,100,0
11.14,100,0
11.141667,100,0
11.143333,100,0
11.145,100,0
11.146667,100,0
11.148333,100,0
11.15,100,0
11.151667,100,0
11.153333,100,0
11.155,100,0
11.156667,100,0
11.158333,100,0
11.16,100,0
11.161667,100,0
11.163333,100,0
11.165,100,0
11.166667,100,0
11.168333,100,0
11.17,100,0
11.171667,100,0
11.173333,100,0
11.175,100,0
11.176667,100,0
11.178333,100,0
11.18,100,0
11.181667,100,0
11.183333,100,0
11.185,100,0
11.186667,100,0
11.188333,100,0
11.19,100,0
11.191667,100,0
11.193333,100,0
11.195,100,0
11.196667,100,0
11.198333,100,0
11.2,100,0
11.201667,100,0
11.203333,100,0
11.205,100,0
11.206667,100,0
11.208333,100,0
11.21,100,0
11.211667,100,0
11.213333,100,0
11.215,100,0
11.216667,100,0
11.218333,100,0
11.22,100,0
11.221667,100,0
11.223333,100,0
11.225,100,0
11.226667,100,0
11.228333,100,0
11.23,100,0
11.231667,100,0
11.233333,100,0
11.235,100,0
11.236667,100,0
11.238333,100,0
11.24,100,0
11.241667,100,0
11.243333,100,0
11.245,100,0
11.246667,100,0
11.248333,100,0
11.25,100,0
11.251667,100,0
11.253333,100,0
11.255,100,0
11.256667,100,0
11.258333,100,0
11.26,100,0
11.261667,100,0
11.263333,100,0
11.265,100,0
11.266667,100,0
11.268333,100,0
11.27,100,0
11.271667,100,0
11.273333,100,0
11.275,100,0
11.276667,100,0
11.278333,100,0
11.28,100,0
11.281667,100,0
11.283333,100,0
11.285,100,0
11.286667,100,0
11.288333,100,0
11.29,100,0
11.291667,100,0
11.293333,100,0
11.295,100,0
11.296667,100,0
11.298333,100,0
11.3,100,0
11.301667,100,0
11.303333,100,0
11.305,100,0
11.306667,100,0
11.308333,100,0
11.31,100,0
11.311667,100,0
11.313333,100,0
11.315,100,0
11.316667,100,0
11.318333,100,0
11.32,100,0
11.321667,100,0
11.323333,100,0
11.325,100,0
11.326667,100,0
11.328333,100,0
11.33,100,0
11.331667,100,0
11.333333,100,0
11.335,100,0
11.336667,100,0
11.338333,100,0
11.34,100,0
11.341667,100,0
11.343333,100,0
11.345,100,0
11.346667,100,0
11.348333,100,0
11.35,100,0
11.351667,100,0
11.353333,100,0
11.355,100,0
11.356667,100,0
11.358333,100,0
11.36,100,0
11.361667,100,0
11.363333,100,0
11.365,100,0
11.366667,100,0
11.368333,100,0
11.37,100,0
11.371667,100,0
11.373333,100,0
11.375,100,0
11.376667,100,0
11.378333,100,0
11.38,100,0
11.381667,100,0
11.383333,100,0
11.385,100,0
11.386667,100,0
11.388333,100,0
11.39,100,0
11.391667,100,0
11.393333,100,0
11.395,100,0
11.396667,100,0
11.398333,100,0
11.4,100,0
11.401667,100,0
11.403333,100,0
11.405,100,0
11.406667,100,0
11.408333,100,0
11.41,100,0
11.411667,100,0
11.413333,100,0
11.415,100,0
11.416667,100,0
11.418333,100,0
11.42,100,0
11.421667,100,0
11.423333,100,0
11.425,100,0
11.426667,100,0
11.428333,100,0
11.43,100,0
11.431667,100,0
11.433333,100,0
11.435,100,0
11.436667,100,0
11.438333,100,0
11.44,100,0
11.441667,100,0
11.443333,100,0
11.445,100,0
11.446667,100,0
11.448333,100,0
11.45,100,0
11.451667,100,0
11.453333,100,0
11.455,100,0
11.456667,100,0
11.458333,100,0
11.46,100,0
11.461667,100,0
11.463333,100,0
11.465,100,0
11.466667,100,0
11.468333,100,0
11.47,100,0
11.471667,100,0
11.473333,100,0
11.475,100,0
11.476667,100,0
11.478333,100,0
11.48,100,0
11.481667,100,0
11.483333,100,0
11.485,100,0
11.486667,100,0
11.488333,100,0
11.49,100,0
11.491667,100,0
11.493333,100,0
11.495,100,0
11.496667,100,0
11.498333,100,0
11.5,100,0
11.501667,100,0
11.503333,100,0
11.505,100,0
11.506667,100,0
11.508333,100,0
11.51,100,0
11.511667,100,0
11.513333,100,0
11.515,100,0
11.516667,100,0
11.518333,100,0
11.52,100,0
11.521667,100,0
11.523333,100,0
11.525,100,0
11.526667,100,0
11.528333,100,0
11.53,100,0
11.531667,100,0
11.533333,100,0
11.535,100,0
11.536667,100,0
11.538333,100,0
11.54,100,0
11.541667,100,0
11.543333,100,0
11.545,100,0
11.546667,100,0
11.548333,100,0
11.55,100,0
11.551667,100,0
11.553333,100,0
11.555,100,0
11.556667,100,0
11.558333,100,0
11.56,100,0
11.561667,100,0
11.563333,100,0
11.565,100,0
11.566667,100,0
11.568333,100,0
11.57,100,0
11.571667,100,0
11.573333,100,0
11.575,100,0
11.576667,100,0
11.578333,100,0
11.58,100,0
11.581667,100,0
11.583333,100,0
11.585,100,0
11.586667,100,0
11.588333,100,0
11.59,100,0
11.591667,100,0
11.593333,100,0
11.595,100,0
11.596667,100,0
11.598333,100,0
11.6,100,0
11.601667,100,0
11.603333,100,0
11.605,100,0
11.606667,100,0
11.608333,100,0
11.61,100,0
11.611667,100,0
11.613333,100,0
11.615,100,0
11.616667,100,0
11.618333,100,0
11.62,100,0
11.621667,100,0
11.623333,100,0
11.625,100,0
11.626667,100,0
11.628333,100,0
11.63,100,0
11.631667,100,0
11.633333,100,0
11.635,100,0
11.636667,100,0
11.638333,100,0
11.64,100,0
11.641667,100,0
11.643333,100,0
11.645,100,0
11.646667,100,0
11.648333,100,0
11.65,100,0
11.651667,100,0
11.653333,100,0
11.655,100,0
11.656667,100,0
11.658333,100,0
11.66,100,0
11.661667,100,0
11.663333,100,0
11.665,100,0
11.666667,100,0
11.668333,100,0
11.67,100,0
11.671667,100,0
11.673333,100,0
11.675,100,0
11.676667,100,0
11.678333,100,0
11.68,100,0
11.681667,100,0
11.683333,100,0
11.685,100,0
11.686667,100,0
11.688333,100,0
11.69,100,0
11.691667,100,0
11.693333,100,0
11.695,100,0
11.696667,100,0
11.698333,100,0
11.7,100,0
11.701667,100,0
11.703333,100,0
11.705,100,0
11.706667,100,0
11.708333,100,0
11.71,100,0
11.711667,100,0
11.713333,100,0
11.715,100,0
11.716667,100,0
11.718333,100,0
11.72,100,0
11.721667,100,0
11.723333,100,0
11.725,100,0
11.726667,100,0
11.728333,100,0
11.73,100,0
11.731667,100,0
11.733333,100,0
11.735,100,0
11.736667,100,0
11.738333,100,0
11.74,100,0
11.741667,100,0
11.743333,100,0
11.745,100,0
11.746667,100,0
11.748333,100,0
11.75,100,0
11.751667,100,0
11.753333,100,0
11.755,100,0
11.756667,100,0
11.758333,100,0
11.76,100,0
11.761667,100,0
11.763333,100,0
11.765,100,0
11.766667,100,0
11.768333,100,0
11.77,100,0
11.771667,100,0
11.773333,100,0
11.775,100,0
11.776667,100,0
11.778333,100,0
11.78,100,0
11.781667,100,0
11.783333,100,0
11.785,100,0
11.786667,100,0
11.788333,100,0
11.79,100,0
11.791667,100,0
11.793333,100,0
11.795,100,0
11.796667,100,0
11.798333,100,0
11.8,100,0
11.801667,100,0
11.803333,100,0
11.805,100,0
11.806667,100,0
11.808333,100,0
11.81,100,0
11.811667,100,0
11.813333,100,0
11.815,100,0
11.816667,100,0
11.818333,100,0
11.82,100,0
11.821667,100,0
11.823333,100,0
11.825,100,0
11.826667,100,0
11.828333,100,0
11.83,100,0
11.831667,100,0
11.833333,100,0
11.835,100,0
11.836667,100,0
11.838333,100,0
11.84,100,0
11.841667,100,0
11.843333,100,0
11.845,100,0
11.846667,100,0
11.848333,100,0
11.85,100,0
11.851667,100,0
11.853333,100,0
11.855,100,0
11.856667,100,0
11.858333,100,0
11.86,100,0
11.861667,100,0
11.863333,100,0
11.865,100,0
11.866667,100,0
11.868333,100,0
11.87,100,0
11.871667,100,0
11.873333,100,0
11.875,100,0
11.876667,100,0
11.878333,100,0
11.88,100,0
11.881667,100,0
11.883333,100,0
11.885,100,0
11.886667,100,0
11.888333,100,0
11.89,100,0
11.891667,100,0
11.893333,100,0
11.895,100,0
11.896667,100,0
11.898333,100,0
11.9,100,0
11.901667,100,0
11.903333,100,0
11.905,100,0
11.906667,100,0
11.908333,100,0
11.91,100,0
11.911667,100,0
11.913333,100,0
11.915,100,0
11.916667,100,0
11.918333,100,0
11.92,100,0
11.921667,100,0
11.923333,100,0
11.925,100,0
11.926667,100,0
11.928333,100,0
11.93,100,0
11.931667,100,0
11.933333,100,0
11.935,100,0
11.936667,100,0
11.938333,100,0
11.94,100,0
11.941667,100,0
11.943333,100,0
11.945,100,0
11.946667,100,0
11.948333,100,0
11.95,100,0
11.951667,100,0
11.953333,100,0
11.955,100,0
11.956667,100,0
11.958333,100,0
11.96,100,0
11.961667,100,0
11.963333,100,0
11.965,100,0
11.966667,100,0
11.968333,100,0
11.97,100,0
11.971667,100,0
11.973333,100,0
11.975,100,0
11.976667,100,0
11.978333,100,0
11.98,100,0
11.981667,100,0
11.983333,100,0
11.985,100,0
11.986667,100,0
11.988333,100,0
11.99,100,0
11.991667,100,0
11.993333,100,0
11.995,100,0
11.996667,100,0
11.998333,100,0
12.0,100,0
12.001667,100,0
12.003333,100,0
12.005,100,0
12.006667,100,0
12.008333,100,0
12.01,100,0
12.011667,100,0
12.013333,100,0
12.015,100,0
12.016667,100,0
12.018333,100,0
12.02,100,0
12.021667,100,0
12.023333,100,0
12.025,100,0
12.026667,100,0
12.028333,100,0
12.03,100,0
12.031667,100,0
12.033333,100,0
12.035,100,0
12.036667,100,0
12.038333,100,0
12.04,100,0
12.041667,100,0
12.043333,100,0
12.045,100,0
12.046667,100,0
12.048333,100,0
12.05,100,0
12.051667,100,0
12.053333,100,0
12.055,100,0
12.056667,100,0
12.058333,100,0
12.06,100,0
12.061667,100,0
12.063333,100,0
12.065,100,0
12.066667,100,0
12.068333,100,0
12.07,100,0
12.071667,100,0
12.073333,100,0
12.075,100,0
12.076667,100,0
12.078333,100,0
12.08,100,0
12.081667,100,0
12.083333,100,0
12.085,100,0
12.086667,100,0
12.088333,100,0
12.09,100,0
12.091667,100,0
12.093333,100,0
12.095,100,0
12.096667,100,0
12.098333,100,0
12.1,100,0
12.101667,100,0
12.103333,100,0
12.105,100,0
12.106667,100,0
12.108333,100,0
12.11,100,0
12.111667,100,0
12.113333,100,0
12.115,100,0
12.116667,100,0
12.118333,100,0
12.12,100,0
12.121667,100,0
12.123333,100,0
12.125,100,0
12.126667,100,0
12.128333,100,0
12.13,100,0
12.131667,100,0
12.133333,100,0
12.135,100,0
12.136667,100,0
12.138333,100,0
12.14,100,0
12.141667,100,0
12.143333,100,0
12.145,100,0
12.146667,100,0
12.148333,100,0
12.15,100,0
12.151667,100,0
12.153333,100,0
12.155,100,0
12.156667,100,0
12.158333,100,0
12.16,100,0
12.161667,100,0
12.163333,100,0
12.165,100,0
12.166667,100,0
12.168333,100,0
12.17,100,0
12.171667,100,0
12.173333,100,0
12.175,100,0
12.176667,100,0
12.178333,100,0
12.18,100,0
12.181667,100,0
12.183333,100,0
12.185,100,0
12.186667,100,0
12.188333,100,0
12.19,100,0
12.191667,100,0
12.193333,100,0
12.195,100,0
12.196667,100,0
12.198333,100,0
12.2,100,0
12.201667,100,0
12.203333,100,0
12.205,100,0
12.206667,100,0
12.208333,100,0
12.21,100,0
12.211667,100,0
12.213333,100,0
12.215,100,0
12.216667,100,0
12.218333,100,0
12.22,100,0
12.221667,100,0
12.223333,100,0
12.225,100,0
12.226667,100,0
12.228333,100,0
12.23,100,0
12.231667,100,0
12.233333,100,0
12.235,100,0
12.236667,100,0
12.238333,100,0
12.24,100,0
12.241667,100,0
12.243333,100,0
12.245,100,0
12.246667,100,0
12.248333,100,0
12.25,100,0
12.251667,100,0
12.253333,100,0
12.255,100,0
12.256667,100,0
12.258333,100,0
12.26,100,0
12.261667,100,0
12.263333,100,0
12.265,100,0
12.266667,100,0
12.268333,100,0
12.27,100,0
12.271667,100,0
12.273333,100,0
12.275,100,0
12.276667,100,0
12.278333,100,0
12.28,100,0
12.281667,100,0
12.283333,100,0
12.285,100,0
12.286667,100,0
12.288333,100,0
12.29,100,0
12.291667,100,0
12.293333,100,0
12.295,100,0
12.296667,100,0
12.298333,100,0
12.3,100,0
12.301667,100,0
12.303333,100,0
12.305,100,0
12.306667,100,0
12.308333,100,0
12.31,100,0
12.311667,100,0
12.313333,100,0
12.315,100,0
12.316667,100,0
12.318333,100,0
12.32,100,0
12.321667,100,0
12.323333,100,0
12.325,100,0
12.326667,100,0
12.328333,100,0
12.33,100,0
12.331667,100,0
12.333333,100,0
12.335,100,0
12.336667,100,0
12.338333,100,0
12.34,100,0
12.341667,100,0
12.343333,100,0
12.345,100,0
12.346667,100,0
12.348333,100,0
12.35,100,0
12.351667,100,0
12.353333,100,0
12.355,100,0
12.356667,100,0
12.358333,100,0
12.36,100,0
12.361667,100,0
12.363333,100,0
12.365,100,0
12.366667,100,0
12.368333,100,0
12.37,100,0
12.371667,100,0
12.373333,100,0
12.375,100,0
12.376667,100,0
12.378333,100,0
12.38,100,0
12.381667,100,0
12.383333,100,0
12.385,100,0
12.386667,100,0
12.388333,100,0
12.39,100,0
12.391667,100,0
12.393333,100,0
12.395,100,0
12.396667,100,0
12.398333,100,0
12.4,100,0
12.401667,100,0
12.403333,100,0
12.405,100,0
12.406667,100,0
12.408333,100,0
12.41,100,0
12.411667,100,0
12.413333,100,0
12.415,100,0
12.416667,100,0
12.418333,100,0
12.42,100,0
12.421667,100,0
12.423333,100,0
12.425,100,0
12.426667,100,0
12.428333,100,0
12.43,100,0
12.431667,100,0
12.433333,100,0
12.435,100,0
12.436667,100,0
12.438333,100,0
12.44,100,0
12.441667,100,0
12.443333,100,0
12.445,100,0
12.446667,100,0
12.448333,100,0
12.45,100,0
12.451667,100,0
12.453333,100,0
12.455,100,0
12.456667,100,0
12.458333,100,0
12.46,100,0
12.461667,100,0
12.463333,100,0
12.465,100,0
12.466667,100,0
12.468333,100,0
12.47,100,0
12.471667,100,0
12.473333,100,0
12.475,100,0
12.476667,100,0
12.478333,100,0
12.48,100,0
12.481667,100,0
12.483333,100,0
12.485,100,0
12.486667,100,0
12.488333,100,0
12.49,100,0
12.491667,100,0
12.493333,100,0
12.495,100,0
12.496667,100,0
12.498333,100,0
12.5,100,0
12.501667,100,0
12.503333,100,0
12.505,100,0
12.506667,100,0
12.508333,100,0
12.51,100,0
12.511667,100,0
12.513333,100,0
12.515,100,0
12.516667,100,0
12.518333,100,0
12.52,100,0
12.521667,100,0
12.523333,100,0
12.525,100,0
12.526667,100,0
12.528333,100,0
12.53,100,0
12.531667,100,0
12.533333,100,0
12.535,100,0
12.536667,100,0
12.538333,100,0
12.54,100,0
12.541667,100,0
12.543333,100,0
12.545,100,0
12.546667,100,0
12.548333,100,0
12.55,100,0
12.551667,100,0
12.553333,100,0
12.555,100,0
12.556667,100,0
12.558333,100,0
12.56,100,0
12.561667,100,0
12.563333,100,0
12.565,100,0
12.566667,100,0
12.568333,100,0
12.57,100,0
12.571667,100,0
12.573333,100,0
12.575,100,0
12.576667,100,0
12.578333,100,0
12.58,100,0
12.581667,100,0
12.583333,100,0
12.585,100,0
12.586667,100,0
12.588333,100,0
12.59,100,0
12.591667,100,0
12.593333,100,0
12.595,100,0
12.596667,100,0
12.598333,100,0
12.6,100,0
12.601667,100,0
12.603333,100,0
12.605,100,0
12.606667,100,0
12.608333,100,0
12.61,100,0
12.611667,100,0
12.613333,100,0
12.615,100,0
12.616667,100,0
12.618333,100,0
12.62,100,0
12.621667,100,0
12.623333,100,0
12.625,100,0
12.626667,100,0
12.628333,100,0
12.63,100,0
12.631667,100,0
12.633333,100,0
12.635,100,0
12.636667,100,0
12.638333,100,0
12.64,100,0
12.641667,100,0
12.643333,100,0
12.645,100,0
12.646667,100,0
12.648333,100,0
12.65,100,0
12.651667,100,0
12.653333,100,0
12.655,100,0
12.656667,100,0
12.658333,100,0
12.66,100,0
12.661667,100,0
12.663333,100,0
12.665,100,0
12.666667,100,0
12.668333,100,0
12.67,100,0
12.671667,100,0
12.673333,100,0
12.675,100,0
12.676667,100,0
12.678333,100,0
12.68,100,0
12.681667,100,0
12.683333,100,0
12.685,100,0
12.686667,100,0
12.688333,100,0
12.69,100,0
12.691667,100,0
12.693333,100,0
12.695,100,0
12.696667,100,0
12.698333,100,0
12.7,100,0
12.701667,100,0
12.703333,100,0
12.705,100,0
12.706667,100,0
12.708333,100,0
12.71,100,0
12.711667,100,0
12.713333,100,0
12.715,100,0
12.716667,100,0
12.718333,100,0
12.72,100,0
12.721667,100,0
12.723333,100,0
12.725,100,0
12.726667,100,0
12.728333,100,0
12.73,100,0
12.731667,100,0
12.733333,100,0
12.735,100,0
12.736667,100,0
12.738333,100,0
12.74,100,0
12.741667,100,0
12.743333,100,0
12.745,100,0
12.746667,100,0
12.748333,100,0
12.75,100,0
12.751667,100,0
12.753333,100,0
12.755,100,0
12.756667,100,0
12.758333,100,0
12.76,100,0
12.761667,100,0
12.763333,100,0
12.765,100,0
12.766667,100,0
12.768333,100,0
12.77,100,0
12.771667,100,0
12.773333,100,0
12.775,100,0
12.776667,100,0
12.778333,100,0
12.78,100,0
12.781667,100,0
12.783333,100,0
12.785,100,0
12.786667,100,0
12.788333,100,0
12.79,100,0
12.791667,100,0
12.793333,100,0
12.795,100,0
12.796667,100,0
12.798333,100,0
12.8,100,0
12.801667,100,0
12.803333,100,0
12.805,100,0
12.806667,100,0
12.808333,100,0
12.81,100,0
12.811667,100,0
12.813333,100,0
12.815,100,0
12.816667,100,0
12.818333,100,0
12.82,100,0
12.821667,100,0
12.823333,100,0
12.825,100,0
12.826667,100,0
12.828333,100,0
12.83,100,0
12.831667,100,0
12.833333,100,0
12.835,100,0
12.836667,100,0
12.838333,100,0
12.84,100,0
12.841667,100,0
12.843333,100,0
12.845,100,0
12.846667,100,0
12.848333,100,0
12.85,100,0
12.851667,100,0
12.853333,100,0
12.855,100,0
12.856667,100,0
12.858333,100,0
12.86,100,0
12.861667,100,0
12.863333,100,0
12.865,100,0
12.866667,100,0
12.868333,100,0
12.87,100,0
12.871667,100,0
12.873333,100,0
12.875,100,0
12.876667,100,0
12.878333,100,0
12.88,100,0
12.881667,100,0
12.883333,100,0
12.885,100,0
12.886667,100,0
12.888333,100,0
12.89,100,0
12.891667,100,0
12.893333,100,0
12.895,100,0
12.896667,100,0
12.898333,100,0
12.9,100,0
12.901667,100,0
12.903333,100,0
12.905,100,0
12.906667,100,0
12.908333,100,0
12.91,100,0
12.911667,100,0
12.913333,100,0
12.915,100,0
12.916667,100,0
12.918333,100,0
12.92,100,0
12.921667,100,0
12.923333,100,0
12.925,100,0
12.926667,100,0
12.928333,100,0
12.93,100,0
12.931667,100,0
12.933333,100,0
12.935,100,0
12.936667,100,0
12.938333,100,0
12.94,100,0
12.941667,100,0
12.943333,100,0
12.945,100,0
12.946667,100,0
12.948333,100,0
12.95,100,0
12.951667,100,0
12.953333,100,0
12.955,100,0
12.956667,100,0
12.958333,100,0
12.96,100,0
12.961667,100,0
12.963333,100,0
12.965,100,0
12.966667,100,0
12.968333,100,0
12.97,100,0
12.971667,100,0
12.973333,100,0
12.975,100,0
12.976667,100,0
12.978333,100,0
12.98,100,0
12.981667,100,0
12.983333,100,0
12.985,100,0
12.986667,100,0
12.988333,100,0
12.99,100,0
12.991667,100,0
12.993333,100,0
12.995,100,0
12.996667,100,0
12.998333,100,0
13.0,100,0
13.001667,100,0
13.003333,100,0
13.005,100,0
13.006667,100,0
13.008333,100,0
13.01,100,0
13.011667,100,0
13.013333,100,0
13.015,100,0
13.016667,100,0
13.018333,100,0
13.02,100,0
13.021667,100,0
13.023333,100,0
13.025,100,0
13.026667,100,0
13.028333,100,0
13.03,100,0
13.031667,100,0
13.033333,100,0
13.035,100,0
13.036667,100,0
13.038333,100,0
13.04,100,0
13.041667,100,0
13.043333,100,0
13.045,100,0
13.046667,100,0
13.048333,100,0
13.05,100,0
13.051667,100,0
13.053333,100,0
13.055,100,0
13.056667,100,0
13.058333,100,0
13.06,100,0
13.061667,100,0
13.063333,100,0
13.065,100,0
13.066667,100,0
13.068333,100,0
13.07,100,0
13.071667,100,0
13.073333,100,0
13.075,100,0
13.076667,100,0
13.078333,100,0
13.08,100,0
13.081667,100,0
13.083333,100,0
13.085,100,0
13.086667,100,0
13.088333,100,0
13.09,100,0
13.091667,100,0
13.093333,100,0
13.095,100,0
13.096667,100,0
13.098333,100,0
13.1,100,0
13.101667,100,0
13.103333,100,0
13.105,100,0
13.106667,100,0
13.108333,100,0
13.11,100,0
13.111667,100,0
13.113333,100,0
13.115,100,0
13.116667,100,0
13.118333,100,0
13.12,100,0
13.121667,100,0
13.123333,100,0
13.125,100,0
13.126667,100,0
13.128333,100,0
13.13,100,0
13.131667,100,0
13.133333,100,0
13.135,100,0
13.136667,100,0
13.138333,100,0
13.14,100,0
13.141667,100,0
13.143333,100,0
13.145,100,0
13.146667,100,0
13.148333,100,0
13.15,100,0
13.151667,100,0
13.153333,100,0
13.155,100,0
13.156667,100,0
13.158333,100,0
13.16,100,0
13.161667,100,0
13.163333,100,0
13.165,100,0
13.166667,100,0
13.168333,100,0
13.17,100,0
13.171667,100,0
13.173333,100,0
13.175,100,0
13.176667,100,0
13.178333,100,0
13.18,100,0
13.181667,100,0
13.183333,100,0
13.185,100,0
13.186667,100,0
13.188333,100,0
13.19,100,0
13.191667,100,0
13.193333,100,0
13.195,100,0
13.196667,100,0
13.198333,100,0
13.2,100,0
13.201667,100,0
13.203333,100,0
13.205,100,0
13.206667,100,0
13.208333,100,0
13.21,100,0
13.211667,100,0
13.213333,100,0
13.215,100,0
13.216667,100,0
13.218333,100,0
13.22,100,0
13.221667,100,0
13.223333,100,0
13.225,100,0
13.226667,100,0
13.228333,100,0
13.23,100,0
13.231667,100,0
13.233333,100,0
13.235,100,0
13.236667,100,0
13.238333,100,0
13.24,100,0
13.241667,100,0
13.243333,100,0
13.245,100,0
13.246667,100,0
13.248333,100,0
13.25,100,0
13.251667,100,0
13.253333,100,0
13.255,100,0
13.256667,100,0
13.258333,100,0
13.26,100,0
13.261667,100,0
13.263333,100,0
13.265,100,0
13.266667,100,0
13.268333,100,0
13.27,100,0
13.271667,100,0
13.273333,100,0
13.275,100,0
13.276667,100,0
13.278333,100,0
13.28,100,0
13.281667,100,0
13.283333,100,0
13.285,100,0
13.286667,100,0
13.288333,100,0
13.29,100,0
13.291667,100,0
13.293333,100,0
13.295,100,0
13.296667,100,0
13.298333,100,0
13.3,100,0
13.301667,100,0
13.303333,100,0
13.305,100,0
13.306667,100,0
13.308333,100,0
13.31,100,0
13.311667,100,0
13.313333,100,0
13.315,100,0
13.316667,100,0
13.318333,100,0
13.32,100,0
13.321667,100,0
13.323333,100,0
13.325,100,0
13.326667,100,0
13.328333,100,0
13.33,100,0
13.331667,100,0
13.333333,100,0
13.335,100,0
13.336667,100,0
13.338333,100,0
13.34,100,0
13.341667,100,0
13.343333,100,0
13.345,100,0
13.346667,100,0
13.348333,100,0
13.35,100,0
13.351667,100,0
13.353333,100,0
13.355,100,0
13.356667,100,0
13.358333,100,0
13.36,100,0
13.361667,100,0
13.363333,100,0
13.365,100,0
13.366667,100,0
13.368333,100,0
13.37,100,0
13.371667,100,0
13.373333,100,0
13.375,100,0
13.376667,100,0
13.378333,100,0
13.38,100,0
13.381667,100,0
13.383333,100,0
13.385,100,0
13.386667,100,0
13.388333,100,0
13.39,100,0
13.391667,100,0
13.393333,100,0
13.395,100,0
13.396667,100,0
13.398333,100,0
13.4,100,0
13.401667,100,0
13.403333,100,0
13.405,100,0
13.406667,100,0
13.408333,100,0
13.41,100,0
13.411667,100,0
13.413333,100,0
13.415,100,0
13.416667,100,0
13.418333,100,0
13.42,100,0
13.421667,100,0
13.423333,100,0
13.425,100,0
13.426667,100,0
13.428333,100,0
13.43,100,0
13.431667,100,0
13.433333,100,0
13.435,100,0
13.436667,100,0
13.438333,100,0
13.44,100,0
13.441667,100,0
13.443333,100,0
13.445,100,0
13.446667,100,0
13.448333,100,0
13.45,100,0
13.451667,100,0
13.453333,100,0
13.455,100,0
13.456667,100,0
13.458333,100,0
13.46,100,0
13.461667,100,0
13.463333,100,0
13.465,100,0
13.466667,100,0
13.468333,100,0
13.47,100,0
13.471667,100,0
13.473333,100,0
13.475,100,0
13.476667,100,0
13.478333,100,0
13.48,100,0
13.481667,100,0
13.483333,100,0
13.485,100,0
13.486667,100,0
13.488333,100,0
13.49,100,0
13.491667,100,0
13.493333,100,0
13.495,100,0
13.496667,100,0
13.498333,100,0
13.5,100,0
13.501667,100,0
13.503333,100,0
13.505,100,0
13.506667,100,0
13.508333,100,0
13.51,100,0
13.511667,100,0
13.513333,100,0
13.515,100,0
13.516667,100,0
13.518333,100,0
13.52,100,0
13.521667,100,0
13.523333,100,0
13.525,100,0
13.526667,100,0
13.528333,100,0
13.53,100,0
13.531667,100,0
13.533333,100,0
13.535,100,0
13.536667,100,0
13.538333,100,0
13.54,100,0
13.541667,100,0
13.543333,100,0
13.545,100,0
13.546667,100,0
13.548333,100,0
13.55,100,0
13.551667,100,0
13.553333,100,0
13.555,100,0
13.556667,100,0
13.558333,100,0
13.56,100,0
13.561667,100,0
13.563333,100,0
13.565,100,0
13.566667,100,0
13.568333,100,0
13.57,100,0
13.571667,100,0
13.573333,100,0
13.575,100,0
13.576667,100,0
13.578333,100,0
13.58,100,0
13.581667,100,0
13.583333,100,0
13.585,100,0
13.586667,100,0
13.588333,100,0
13.59,100,0
13.591667,100,0
13.593333,100,0
13.595,100,0
13.596667,100,0
13.598333,100,0
13.6,100,0
13.601667,100,0
13.603333,100,0
13.605,100,0
13.606667,100,0
13.608333,100,0
13.61,100,0
13.611667,100,0
13.613333,100,0
13.615,100,0
13.616667,100,0
13.618333,100,0
13.62,100,0
13.621667,100,0
13.623333,100,0
13.625,100,0
13.626667,100,0
13.628333,100,0
13.63,100,0
13.631667,100,0
13.633333,100,0
13.635,100,0
13.636667,100,0
13.638333,100,0
13.64,100,0
13.641667,100,0
13.643333,100,0
13.645,100,0
13.646667,100,0
13.648333,100,0
13.65,100,0
13.651667,100,0
13.653333,100,0
13.655,100,0
13.656667,100,0
13.658333,100,0
13.66,100,0
13.661667,100,0
13.663333,100,0
13.665,100,0
13.666667,100,0
13.668333,100,0
13.67,100,0
13.671667,100,0
13.673333,100,0
13.675,100,0
13.676667,100,0
13.678333,100,0
13.68,100,0
13.681667,100,0
13.683333,100,0
13.685,100,0
13.686667,100,0
13.688333,100,0
13.69,100,0
13.691667,100,0
13.693333,100,0
13.695,100,0
13.696667,100,0
13.698333,100,0
13.7,100,0
13.701667,100,0
13.703333,100,0
13.705,100,0
13.706667,100,0
13.708333,100,0
13.71,100,0
13.711667,100,0
13.713333,100,0
13.715,100,0
13.716667,100,0
13.718333,100,0
13.72,100,0
13.721667,100,0
13.723333,100,0
13.725,100,0
13.726667,100,0
13.728333,100,0
13.73,100,0
13.731667,100,0
13.733333,100,0
13.735,100,0
13.736667,100,0
13.738333,100,0
13.74,100,0
13.741667,100,0
13.743333,100,0
13.745,100,0
13.746667,100,0
13.748333,100,0
13.75,100,0
13.751667,100,0
13.753333,100,0
13.755,100,0
13.756667,100,0
13.758333,100,0
13.76,100,0
13.761667,100,0
13.763333,100,0
13.765,100,0
13.766667,100,0
13.768333,100,0
13.77,100,0
13.771667,100,0
13.773333,100,0
13.775,100,0
13.776667,100,0
13.778333,100,0
13.78,100,0
13.781667,100,0
13.783333,100,0
13.785,100,0
13.786667,100,0
13.788333,100,0
13.79,100,0
13.791667,100,0
13.793333,100,0
13.795,100,0
13.796667,100,0
13.798333,100,0
13.8,100,0
13.801667,100,0
13.803333,100,0
13.805,100,0
13.806667,100,0
13.808333,100,0
13.81,100,0
13.811667,100,0
13.813333,100,0
13.815,100,0
13.816667,100,0
13.818333,100,0
13.82,100,0
13.821667,100,0
13.823333,100,0
13.825,100,0
13.826667,100,0
13.828333,100,0
13.83,100,0
13.831667,100,0
13.833333,100,0
13.835,100,0
13.836667,100,0
13.838333,100,0
13.84,100,0
13.841667,100,0
13.843333,100,0
13.845,100,0
13.846667,100,0
13.848333,100,0
13.85,100,0
13.851667,100,0
13.853333,100,0
13.855,100,0
13.856667,100,0
13.858333,100,0
13.86,100,0
13.861667,100,0
13.863333,100,0
13.865,100,0
13.866667,100,0
13.868333,100,0
13.87,100,0
13.871667,100,0
13.873333,100,0
13.875,100,0
13.876667,100,0
13.878333,100,0
13.88,100,0
13.881667,100,0
13.883333,100,0
13.885,100,0
13.886667,100,0
13.888333,100,0
13.89,100,0
13.891667,100,0
13.893333,100,0
13.895,100,0
13.896667,100,0
13.898333,100,0
13.9,100,0
13.901667,100,0
13.903333,100,0
13.905,100,0
13.906667,100,0
13.908333,100,0
13.91,100,0
13.911667,100,0
13.913333,100,0
13.915,100,0
13.916667,100,0
13.918333,100,0
13.92,100,0
13.921667,100,0
13.923333,100,0
13.925,100,0
13.926667,100,0
13.928333,100,0
13.93,100,0
13.931667,100,0
13.933333,100,0
13.935,100,0
13.936667,100,0
13.938333,100,0
13.94,100,0
13.941667,100,0
13.943333,100,0
13.945,100,0
13.946667,100,0
13.948333,100,0
13.95,100,0
13.951667,100,0
13.953333,100,0
13.955,100,0
13.956667,100,0
13.958333,100,0
13.96,100,0
13.961667,100,0
13.963333,100,0
13.965,100,0
13.966667,100,0
13.968333,100,0
13.97,100,0
13.971667,100,0
13.973333,100,0
13.975,100,0
13.976667,100,0
13.978333,100,0
13.98,100,0
13.981667,100,0
13.983333,100,0
13.985,100,0
13.986667,100,0
13.988333,100,0
13.99,100,0
13.991667,100,0
13.993333,100,0
13.995,100,0
13.996667,100,0
13.998333,100,0
14.0,100,0
14.001667,100,0
14.003333,100,0
14.005,100,0
14.006667,100,0
14.008333,100,0
14.01,100,0
14.011667,100,0
14.013333,100,0
14.015,100,0
14.016667,100,0
14.018333,100,0
14.02,100,0
14.021667,100,0
14.023333,100,0
14.025,100,0
14.026667,100,0
14.028333,100,0
14.03,100,0
14.031667,100,0
14.033333,100,0
14.035,100,0
14.036667,100,0
14.038333,100,0
14.04,100,0
14.041667,100,0
14.043333,100,0
14.045,100,0
14.046667,100,0
14.048333,100,0
14.05,100,0
14.051667,100,0
14.053333,100,0
14.055,100,0
14.056667,100,0
14.058333,100,0
14.06,100,0
14.061667,100,0
14.063333,100,0
14.065,100,0
14.066667,100,0
14.068333,100,0
14.07,100,0
14.071667,100,0
14.073333,100,0
14.075,100,0
14.076667,100,0
14.078333,100,0
14.08,100,0
14.081667,100,0
14.083333,100,0
14.085,100,0
14.086667,100,0
14.088333,100,0
14.09,100,0
14.091667,100,0
14.093333,100,0
14.095,100,0
14.096667,100,0
14.098333,100,0
14.1,100,0
14.101667,100,0
14.103333,100,0
14.105,100,0
14.106667,100,0
14.108333,100,0
14.11,100,0
14.111667,100,0
14.113333,100,0
14.115,100,0
14.116667,100,0
14.118333,100,0
14.12,100,0
14.121667,100,0
14.123333,100,0
14.125,100,0
14.126667,100,0
14.128333,100,0
14.13,100,0
14.131667,100,0
14.133333,100,0
14.135,100,0
14.136667,100,0
14.138333,100,0
14.14,100,0
14.141667,100,0
14.143333,100,0
14.145,100,0
14.146667,100,0
14.148333,100,0
14.15,100,0
14.151667,100,0
14.153333,100,0
14.155,100,0
14.156667,100,0
14.158333,100,0
14.16,100,0
14.161667,100,0
14.163333,100,0
14.165,100,0
14.166667,100,0
14.168333,100,0
14.17,100,0
14.171667,100,0
14.173333,100,0
14.175,100,0
14.176667,100,0
14.178333,100,0
14.18,100,0
14.181667,100,0
14.183333,100,0
14.185,100,0
14.186667,100,0
14.188333,100,0
14.19,100,0
14.191667,100,0
14.193333,100,0
14.195,100,0
14.196667,100,0
14.198333,100,0
14.2,100,0
14.201667,100,0
14.203333,100,0
14.205,100,0
14.206667,100,0
14.208333,100,0
14.21,100,0
14.211667,100,0
14.213333,100,0
14.215,100,0
14.216667,100,0
14.218333,100,0
14.22,100,0
14.221667,100,0
14.223333,100,0
14.225,100,0
14.226667,100,0
14.228333,100,0
14.23,100,0
14.231667,100,0
14.233333,100,0
14.235,100,0
14.236667,100,0
14.238333,100,0
14.24,100,0
14.241667,100,0
14.243333,100,0
14.245,100,0
14.246667,100,0
14.248333,100,0
14.25,100,0
14.251667,100,0
14.253333,100,0
14.255,100,0
14.256667,100,0
14.258333,100,0
14.26,100,0
14.261667,100,0
14.263333,100,0
14.265,100,0
14.266667,100,0
14.268333,100,0
14.27,100,0
14.271667,100,0
14.273333,100,0
14.275,100,0
14.276667,100,0
14.278333,100,0
14.28,100,0
14.281667,100,0
14.283333,100,0
14.285,100,0
14.286667,100,0
14.288333,100,0
14.29,100,0
14.291667,100,0
14.293333,100,0
14.295,100,0
14.296667,100,0
14.298333,100,0
14.3,100,0
14.301667,100,0
14.303333,100,0
14.305,100,0
14.306667,100,0
14.308333,100,0
14.31,100,0
14.311667,100,0
14.313333,100,0
14.315,100,0
14.316667,100,0
14.318333,100,0
14.32,100,0
14.321667,100,0
14.323333,100,0
14.325,100,0
14.326667,100,0
14.328333,100,0
14.33,100,0
14.331667,100,0
14.333333,100,0
14.335,100,0
14.336667,100,0
14.338333,100,0
14.34,100,0
14.341667,100,0
14.343333,100,0
14.345,100,0
14.346667,100,0
14.348333,100,0
14.35,100,0
14.351667,100,0
14.353333,100,0
14.355,100,0
14.356667,100,0
14.358333,100,0
14.36,100,0
14.361667,100,0
14.363333,100,0
14.365,100,0
14.366667,100,0
14.368333,100,0
14.37,100,0
14.371667,100,0
14.373333,100,0
14.375,100,0
14.376667,100,0
14.378333,100,0
14.38,100,0
14.381667,100,0
14.383333,100,0
14.385,100,0
14.386667,100,0
14.388333,100,0
14.39,100,0
14.391667,100,0
14.393333,100,0
14.395,100,0
14.396667,100,0
14.398333,100,0
14.4,100,0
14.401667,100,0
14.403333,100,0
14.405,100,0
14.406667,100,0
14.408333,100,0
14.41,100,0
14.411667,100,0
14.413333,100,0
14.415,100,0
14.416667,100,0
14.418333,100,0
14.42,100,0
14.421667,100,0
14.423333,100,0
14.425,100,0
14.426667,100,0
14.428333,100,0
14.43,100,0
14.431667,100,0
14.433333,100,0
14.435,100,0
14.436667,100,0
14.438333,100,0
14.44,100,0
14.441667,100,0
14.443333,100,0
14.445,100,0
14.446667,100,0
14.448333,100,0
14.45,100,0
14.451667,100,0
14.453333,100,0
14.455,100,0
14.456667,100,0
14.458333,100,0
14.46,100,0
14.461667,100,0
14.463333,100,0
14.465,100,0
14.466667,100,0
14.468333,100,0
14.47,100,0
14.471667,100,0
14.473333,100,0
14.475,100,0
14.476667,100,0
14.478333,100,0
14.48,100,0
14.481667,100,0
14.483333,100,0
14.485,100,0
14.486667,100,0
14.488333,100,0
14.49,100,0
14.491667,100,0
14.493333,100,0
14.495,100,0
14.496667,100,0
14.498333,100,0
14.5,100,0
14.501667,100,0
14.503333,100,0
14.505,100,0
14.506667,100,0
14.508333,100,0
14.51,100,0
14.511667,100,0
14.513333,100,0
14.515,100,0
14.516667,100,0
14.518333,100,0
14.52,100,0
14.521667,100,0
14.523333,100,0
14.525,100,0
14.526667,100,0
14.528333,100,0
14.53,100,0
14.531667,100,0
14.533333,100,0
14.535,100,0
14.536667,100,0
14.538333,100,0
14.54,100,0
14.541667,100,0
14.543333,100,0
14.545,100,0
14.546667,100,0
14.548333,100,0
14.55,100,0
14.551667,100,0
14.553333,100,0
14.555,100,0
14.556667,100,0
14.558333,100,0
14.56,100,0
14.561667,100,0
14.563333,100,0
14.565,100,0
14.566667,100,0
14.568333,100,0
14.57,100,0
14.571667,100,0
14.573333,100,0
14.575,100,0
14.576667,100,0
14.578333,100,0
14.58,100,0
14.581667,100,0
14.583333,100,0
14.585,100,0
14.586667,100,0
14.588333,100,0
14.59,100,0
14.591667,100,0
14.593333,100,0
14.595,100,0
14.596667,100,0
14.598333,100,0
14.6,100,0
14.601667,100,0
14.603333,100,0
14.605,100,0
14.606667,100,0
14.608333,100,0
14.61,100,0
14.611667,100,0
14.613333,100,0
14.615,100,0
14.616667,100,0
14.618333,100,0
14.62,100,0
14.621667,100,0
14.623333,100,0
14.625,100,0
14.626667,100,0
14.628333,100,0
14.63,100,0
14.631667,100,0
14.633333,100,0
14.635,100,0
14.636667,100,0
14.638333,100,0
14.64,100,0
14.641667,100,0
14.643333,100,0
14.645,100,0
14.646667,100,0
14.648333,100,0
14.65,100,0
14.651667,100,0
14.653333,100,0
14.655,100,0
14.656667,100,0
14.658333,100,0
14.66,100,0
14.661667,100,0
14.663333,100,0
14.665,100,0
14.666667,100,0
14.668333,100,0
14.67,100,0
14.671667,100,0
14.673333,100,0
14.675,100,0
14.676667,100,0
14.678333,100,0
14.68,100,0
14.681667,100,0
14.683333,100,0
14.685,100,0
14.686667,100,0
14.688333,100,0
14.69,100,0
14.691667,100,0
14.693333,100,0
14.695,100,0
14.696667,100,0
14.698333,100,0
14.7,100,0
14.701667,100,0
14.703333,100,0
14.705,100,0
14.706667,100,0
14.708333,100,0
14.71,100,0
14.711667,100,0
14.713333,100,0
14.715,100,0
14.716667,100,0
14.718333,100,0
14.72,100,0
14.721667,100,0
14.723333,100,0
14.725,100,0
14.726667,100,0
14.728333,100,0
14.73,100,0
14.731667,100,0
14.733333,100,0
14.735,100,0
14.736667,100,0
14.738333,100,0
14.74,100,0
14.741667,100,0
14.743333,100,0
14.745,100,0
14.746667,100,0
14.748333,100,0
14.75,100,0
14.751667,100,0
14.753333,100,0
14.755,100,0
14.756667,100,0
14.758333,100,0
14.76,100,0
14.761667,100,0
14.763333,100,0
14.765,100,0
14.766667,100,0
14.768333,100,0
14.77,100,0
14.771667,100,0
14.773333,100,0
14.775,100,0
14.776667,100,0
14.778333,100,0
14.78,100,0
14.781667,100,0
14.783333,100,0
14.785,100,0
14.786667,100,0
14.788333,100,0
14.79,100,0
14.791667,100,0
14.793333,100,0
14.795,100,0
14.796667,100,0
14.798333,100,0
14.8,100,0
14.801667,100,0
14.803333,100,0
14.805,100,0
14.806667,100,0
14.808333,100,0
14.81,100,0
14.811667,100,0
14.813333,100,0
14.815,100,0
14.816667,100,0
14.818333,100,0
14.82,100,0
14.821667,100,0
14.823333,100,0
14.825,100,0
14.826667,100,0
14.828333,100,0
14.83,100,0
14.831667,100,0
14.833333,100,0
14.835,100,0
14.836667,100,0
14.838333,100,0
14.84,100,0
14.841667,100,0
14.843333,100,0
14.845,100,0
14.846667,100,0
14.848333,100,0
14.85,100,0
14.851667,100,0
14.853333,100,0
14.855,100,0
14.856667,100,0
14.858333,100,0
14.86,100,0
14.861667,100,0
14.863333,100,0
14.865,100,0
14.866667,100,0
14.868333,100,0
14.87,100,0
14.871667,100,0
14.873333,100,0
14.875,100,0
14.876667,100,0
14.878333,100,0
14.88,100,0
14.881667,100,0
14.883333,100,0
14.885,100,0
14.886667,100,0
14.888333,100,0
14.89,100,0
14.891667,100,0
14.893333,100,0
14.895,100,0
14.896667,100,0
14.898333,100,0
14.9,100,0
14.901667,100,0
14.903333,100,0
14.905,100,0
14.906667,100,0
14.908333,100,0
14.91,100,0
14.911667,100,0
14.913333,100,0
14.915,100,0
14.916667,100,0
14.918333,100,0
14.92,100,0
14.921667,100,0
14.923333,100,0
14.925,100,0
14.926667,100,0
14.928333,100,0
14.93,100,0
14.931667,100,0
14.933333,100,0
14.935,100,0
14.936667,100,0
14.938333,100,0
14.94,100,0
14.941667,100,0
14.943333,100,0
14.945,100,0
14.946667,100,0
14.948333,100,0
14.95,100,0
14.951667,100,0
14.953333,100,0
14.955,100,0
14.956667,100,0
14.958333,100,0
14.96,100,0
14.961667,100,0
14.963333,100,0
14.965,100,0
14.966667,100,0
14.968333,100,0
14.97,100,0
14.971667,100,0
14.973333,100,0
14.975,100,0
14.976667,100,0
14.978333,100,0
14.98,100,0
14.981667,100,0
14.983333,100,0
14.985,100,0
14.986667,100,0
14.988333,100,0
14.99,100,0
14.991667,100,0
14.993333,100,0
14.995,100,0
14.996667,100,0
14.998333,100,0
15.0,100,0
15.001667,100,0
15.003333,100,0
15.005,100,0
15.006667,100,0
15.008333,100,0
15.01,100,0
15.011667,100,0
15.013333,100,0
15.015,100,0
15.016667,100,0
15.018333,100,0
15.02,100,0
15.021667,100,0
15.023333,100,0
15.025,100,0
15.026667,100,0
15.028333,100,0
15.03,100,0
15.031667,100,0
15.033333,100,0
15.035,100,0
15.036667,100,0
15.038333,100,0
15.04,100,0
15.041667,100,0
15.043333,100,0
15.045,100,0
15.046667,100,0
15.048333,100,0
15.05,100,0
15.051667,100,0
15.053333,100,0
15.055,100,0
15.056667,100,0
15.058333,100,0
15.06,100,0
15.061667,100,0
15.063333,100,0
15.065,100,0
15.066667,100,0
15.068333,100,0
15.07,100,0
15.071667,100,0
15.073333,100,0
15.075,100,0
15.076667,100,0
15.078333,100,0
15.08,100,0
15.081667,100,0
15.083333,100,0
15.085,100,0
15.086667,100,0
15.088333,100,0
15.09,100,0
15.091667,100,0
15.093333,100,0
15.095,100,0
15.096667,100,0
15.098333,100,0
15.1,100,0
15.101667,100,0
15.103333,100,0
15.105,100,0
15.106667,100,0
15.108333,100,0
15.11,100,0
15.111667,100,0
15.113333,100,0
15.115,100,0
15.116667,100,0
15.118333,100,0
15.12,100,0
15.121667,100,0
15.123333,100,0
15.125,100,0
15.126667,100,0
15.128333,100,0
15.13,100,0
15.131667,100,0
15.133333,100,0
15.135,100,0
15.136667,100,0
15.138333,100,0
15.14,100,0
15.141667,100,0
15.143333,100,0
15.145,100,0
15.146667,100,0
15.148333,100,0
15.15,100,0
15.151667,100,0
15.153333,100,0
15.155,100,0
15.156667,100,0
15.158333,100,0
15.16,100,0
15.161667,100,0
15.163333,100,0
15.165,100,0
15.166667,100,0
15.168333,100,0
15.17,100,0
15.171667,100,0
15.173333,100,0
15.175,100,0
15.176667,100,0
15.178333,100,0
15.18,100,0
15.181667,100,0
15.183333,100,0
15.185,100,0
15.186667,100,0
15.188333,100,0
15.19,100,0
15.191667,100,0
15.193333,100,0
15.195,100,0
15.196667,100,0
15.198333,100,0
15.2,100,0
15.201667,100,0
15.203333,100,0
15.205,100,0
15.206667,100,0
15.208333,100,0
15.21,100,0
15.211667,100,0
15.213333,100,0
15.215,100,0
15.216667,100,0
15.218333,100,0
15.22,100,0
15.221667,100,0
15.223333,100,0
15.225,100,0
15.226667,100,0
15.228333,100,0
15.23,100,0
15.231667,100,0
15.233333,100,0
15.235,100,0
15.236667,100,0
15.238333,100,0
15.24,100,0
15.241667,100,0
15.243333,100,0
15.245,100,0
15.246667,100,0
15.248333,100,0
15.25,100,0
15.251667,100,0
15.253333,100,0
15.255,100,0
15.256667,100,0
15.258333,100,0
15.26,100,0
15.261667,100,0
15.263333,100,0
15.265,100,0
15.266667,100,0
15.268333,100,0
15.27,100,0
15.271667,100,0
15.273333,100,0
15.275,100,0
15.276667,100,0
15.278333,100,0
15.28,100,0
15.281667,100,0
15.283333,100,0
15.285,100,0
15.286667,100,0
15.288333,100,0
15.29,100,0
15.291667,100,0
15.293333,100,0
15.295,100,0
15.296667,100,0
15.298333,100,0
15.3,100,0
15.301667,100,0
15.303333,100,0
15.305,100,0
15.306667,100,0
15.308333,100,0
15.31,100,0
15.311667,100,0
15.313333,100,0
15.315,100,0
15.316667,100,0
15.318333,100,0
15.32,100,0
15.321667,100,0
15.323333,100,0
15.325,100,0
15.326667,100,0
15.328333,100,0
15.33,100,0
15.331667,100,0
15.333333,100,0
15.335,100,0
15.336667,100,0
15.338333,100,0
15.34,100,0
15.341667,100,0
15.343333,100,0
15.345,100,0
15.346667,100,0
15.348333,100,0
15.35,100,0
15.351667,100,0
15.353333,100,0
15.355,100,0
15.356667,100,0
15.358333,100,0
15.36,100,0
15.361667,100,0
15.363333,100,0
15.365,100,0
15.366667,100,0
15.368333,100,0
15.37,100,0
15.371667,100,0
15.373333,100,0
15.375,100,0
15.376667,100,0
15.378333,100,0
15.38,100,0
15.381667,100,0
15.383333,100,0
15.385,100,0
15.386667,100,0
15.388333,100,0
15.39,100,0
15.391667,100,0
15.393333,100,0
15.395,100,0
15.396667,100,0
15.398333,100,0
15.4,100,0
15.401667,100,0
15.403333,100,0
15.405,100,0
15.406667,100,0
15.408333,100,0
15.41,100,0
15.411667,100,0
15.413333,100,0
15.415,100,0
15.416667,100,0
15.418333,100,0
15.42,100,0
15.421667,100,0
15.423333,100,0
15.425,100,0
15.426667,100,0
15.428333,100,0
15.43,100,0
15.431667,100,0
15.433333,100,0
15.435,100,0
15.436667,100,0
15.438333,100,0
15.44,100,0
15.441667,100,0
15.443333,100,0
15.445,100,0
15.446667,100,0
15.448333,100,0
15.45,100,0
15.451667,100,0
15.453333,100,0
15.455,100,0
15.456667,100,0
15.458333,100,0
15.46,100,0
15.461667,100,0
15.463333,100,0
15.465,100,0
15.466667,100,0
15.468333,100,0
15.47,100,0
15.471667,100,0
15.473333,100,0
15.475,100,0
15.476667,100,0
15.478333,100,0
15.48,100,0
15.481667,100,0
15.483333,100,0
15.485,100,0
15.486667,100,0
15.488333,100,0
15.49,100,0
15.491667,100,0
15.493333,100,0
15.495,100,0
15.496667,100,0
15.498333,100,0
15.5,100,0
15.501667,100,0
15.503333,100,0
15.505,100,0
15.506667,100,0
15.508333,100,0
15.51,100,0
15.511667,100,0
15.513333,100,0
15.515,100,0
15.516667,100,0
15.518333,100,0
15.52,100,0
15.521667,100,0
15.523333,100,0
15.525,100,0
15.526667,100,0
15.528333,100,0
15.53,100,0
15.531667,100,0
15.533333,100,0
15.535,100,0
15.536667,100,0
15.538333,100,0
15.54,100,0
15.541667,100,0
15.543333,100,0
15.545,100,0
15.546667,100,0
15.548333,100,0
15.55,100,0
15.551667,100,0
15.553333,100,0
15.555,100,0
15.556667,100,0
15.558333,100,0
15.56,100,0
15.561667,100,0
15.563333,100,0
15.565,100,0
15.566667,100,0
15.568333,100,0
15.57,100,0
15.571667,100,0
15.573333,100,0
15.575,100,0
15.576667,100,0
15.578333,100,0
15.58,100,0
15.581667,100,0
15.583333,100,0
15.585,100,0
15.586667,100,0
15.588333,100,0
15.59,100,0
15.591667,100,0
15.593333,100,0
15.595,100,0
15.596667,100,0
15.598333,100,0
15.6,100,0
15.601667,100,0
15.603333,100,0
15.605,100,0
15.606667,100,0
15.608333,100,0
15.61,100,0
15.611667,100,0
15.613333,100,0
15.615,100,0
15.616667,100,0
15.618333,100,0
15.62,100,0
15.621667,100,0
15.623333,100,0
15.625,100,0
15.626667,100,0
15.628333,100,0
15.63,100,0
15.631667,100,0
15.633333,100,0
15.635,100,0
15.636667,100,0
15.638333,100,0
15.64,100,0
15.641667,100,0
15.643333,100,0
15.645,100,0
15.646667,100,0
15.648333,100,0
15.65,100,0
15.651667,100,0
15.653333,100,0
15.655,100,0
15.656667,100,0
15.658333,100,0
15.66,100,0
15.661667,100,0
15.663333,100,0
15.665,100,0
15.666667,100,0
15.668333,100,0
15.67,100,0
15.671667,100,0
15.673333,100,0
15.675,100,0
15.676667,100,0
15.678333,100,0
15.68,100,0
15.681667,100,0
15.683333,100,0
15.685,100,0
15.686667,100,0
15.688333,100,0
15.69,100,0
15.691667,100,0
15.693333,100,0
15.695,100,0
15.696667,100,0
15.698333,100,0
15.7,100,0
15.701667,100,0
15.703333,100,0
15.705,100,0
15.706667,100,0
15.708333,100,0
15.71,100,0
15.711667,100,0
15.713333,100,0
15.715,100,0
15.716667,100,0
15.718333,100,0
15.72,100,0
15.721667,100,0
15.723333,100,0
15.725,100,0
15.726667,100,0
15.728333,100,0
15.73,100,0
15.731667,100,0
15.733333,100,0
15.735,100,0
15.736667,100,0
15.738333,100,0
15.74,100,0
15.741667,100,0
15.743333,100,0
15.745,100,0
15.746667,100,0
15.748333,100,0
15.75,100,0
15.751667,100,0
15.753333,100,0
15.755,100,0
15.756667,100,0
15.758333,100,0
15.76,100,0
15.761667,100,0
15.763333,100,0
15.765,100,0
15.766667,100,0
15.768333,100,0
15.77,100,0
15.771667,100,0
15.773333,100,0
15.775,100,0
15.776667,100,0
15.778333,100,0
15.78,100,0
15.781667,100,0
15.783333,100,0
15.785,100,0
15.786667,100,0
15.788333,100,0
15.79,100,0
15.791667,100,0
15.793333,100,0
15.795,100,0
15.796667,100,0
15.798333,100,0
15.8,100,0
15.801667,100,0
15.803333,100,0
15.805,100,0
15.806667,100,0
15.808333,100,0
15.81,100,0
15.811667,100,0
15.813333,100,0
15.815,100,0
15.816667,100,0
15.818333,100,0
15.82,100,0
15.821667,100,0
15.823333,100,0
15.825,100,0
15.826667,100,0
15.828333,100,0
15.83,100,0
15.831667,100,0
15.833333,100,0
15.835,100,0
15.836667,100,0
15.838333,100,0
15.84,100,0
15.841667,100,0
15.843333,100,0
15.845,100,0
15.846667,100,0
15.848333,100,0
15.85,100,0
15.851667,100,0
15.853333,100,0
15.855,100,0
15.856667,100,0
15.858333,100,0
15.86,100,0
15.861667,100,0
15.863333,100,0
15.865,100,0
15.866667,100,0
15.868333,100,0
15.87,100,0
15.871667,100,0
15.873333,100,0
15.875,100,0
15.876667,100,0
15.878333,100,0
15.88,100,0
15.881667,100,0
15.883333,100,0
15.885,100,0
15.886667,100,0
15.888333,100,0
15.89,100,0
15.891667,100,0
15.893333,100,0
15.895,100,0
15.896667,100,0
15.898333,100,0
15.9,100,0
15.901667,100,0
15.903333,100,0
15.905,100,0
15.906667,100,0
15.908333,100,0
15.91,100,0
15.911667,100,0
15.913333,100,0
15.915,100,0
15.916667,100,0
15.918333,100,0
15.92,100,0
15.921667,100,0
15.923333,100,0
15.925,100,0
15.926667,100,0
15.928333,100,0
15.93,100,0
15.931667,100,0
15.933333,100,0
15.935,100,0
15.936667,100,0
15.938333,100,0
15.94,100,0
15.941667,100,0
15.943333,100,0
15.945,100,0
15.946667,100,0
15.948333,100,0
15.95,100,0
15.951667,100,0
15.953333,100,0
15.955,100,0
15.956667,100,0
15.958333,100,0
15.96,100,0
15.961667,100,0
15.963333,100,0
15.965,100,0
15.966667,100,0
15.968333,100,0
15.97,100,0
15.971667,100,0
15.973333,100,0
15.975,100,0
15.976667,100,0
15.978333,100,0
15.98,100,0
15.981667,100,0
15.983333,100,0
15.985,100,0
15.986667,100,0
15.988333,100,0
15.99,100,0
15.991667,100,0
15.993333,100,0
15.995,100,0
15.996667,100,0
15.998333,100,0
16.0,100,0
16.001667,100,0
16.003333,100,0
16.005,100,0
16.006667,100,0
16.008333,100,0
16.01,100,0
16.011667,100,0
16.013333,100,0
16.015,100,0
16.016667,100,0
16.018333,100,0
16.02,100,0
16.021667,100,0
16.023333,100,0
16.025,100,0
16.026667,100,0
16.028333,100,0
16.03,100,0
16.031667,100,0
16.033333,100,0
16.035,100,0
16.036667,100,0
16.038333,100,0
16.04,100,0
16.041667,100,0
16.043333,100,0
16.045,100,0
16.046667,100,0
16.048333,100,0
16.05,100,0
16.051667,100,0
16.053333,100,0
16.055,100,0
16.056667,100,0
16.058333,100,0
16.06,100,0
16.061667,100,0
16.063333,100,0
16.065,100,0
16.066667,100,0
16.068333,100,0
16.07,100,0
16.071667,100,0
16.073333,100,0
16.075,100,0
16.076667,100,0
16.078333,100,0
16.08,100,0
16.081667,100,0
16.083333,100,0
16.085,100,0
16.086667,100,0
16.088333,100,0
16.09,100,0
16.091667,100,0
16.093333,100,0
16.095,100,0
16.096667,100,0
16.098333,100,0
16.1,100,0
16.101667,100,0
16.103333,100,0
16.105,100,0
16.106667,100,0
16.108333,100,0
16.11,100,0
16.111667,100,0
16.113333,100,0
16.115,100,0
16.116667,100,0
16.118333,100,0
16.12,100,0
16.121667,100,0
16.123333,100,0
16.125,100,0
16.126667,100,0
16.128333,100,0
16.13,100,0
16.131667,100,0
16.133333,100,0
16.135,100,0
16.136667,100,0
16.138333,100,0
16.14,100,0
16.141667,100,0
16.143333,100,0
16.145,100,0
16.146667,100,0
16.148333,100,0
16.15,100,0
16.151667,100,0
16.153333,100,0
16.155,100,0
16.156667,100,0
16.158333,100,0
16.16,100,0
16.161667,100,0
16.163333,100,0
16.165,100,0
16.166667,100,0
16.168333,100,0
16.17,100,0
16.171667,100,0
16.173333,100,0
16.175,100,0
16.176667,100,0
16.178333,100,0
16.18,100,0
16.181667,100,0
16.183333,100,0
16.185,100,0
16.186667,100,0
16.188333,100,0
16.19,100,0
16.191667,100,0
16.193333,100,0
16.195,100,0
16.196667,100,0
16.198333,100,0
16.2,100,0
16.201667,100,0
16.203333,100,0
16.205,100,0
16.206667,100,0
16.208333,100,0
16.21,100,0
16.211667,100,0
16.213333,100,0
16.215,100,0
16.216667,100,0
16.218333,100,0
16.22,100,0
16.221667,100,0
16.223333,100,0
16.225,100,0
16.226667,100,0
16.228333,100,0
16.23,100,0
16.231667,100,0
16.233333,100,0
16.235,100,0
16.236667,100,0
16.238333,100,0
16.24,100,0
16.241667,100,0
16.243333,100,0
16.245,100,0
16.246667,100,0
16.248333,100,0
16.25,100,0
16.251667,100,0
16.253333,100,0
16.255,100,0
16.256667,100,0
16.258333,100,0
16.26,100,0
16.261667,100,0
16.263333,100,0
16.265,100,0
16.266667,100,0
16.268333,100,0
16.27,100,0
16.271667,100,0
16.273333,100,0
16.275,100,0
16.276667,100,0
16.278333,100,0
16.28,100,0
16.281667,100,0
16.283333,100,0
16.285,100,0
16.286667,100,0
16.288333,100,0
16.29,100,0
16.291667,100,0
16.293333,100,0
16.295,100,0
16.296667,100,0
16.298333,100,0
16.3,100,0
16.301667,100,0
16.303333,100,0
16.305,100,0
16.306667,100,0
16.308333,100,0
16.31,100,0
16.311667,100,0
16.313333,100,0
16.315,100,0
16.316667,100,0
16.318333,100,0
16.32,100,0
16.321667,100,0
16.323333,100,0
16.325,100,0
16.326667,100,0
16.328333,100,0
16.33,100,0
16.331667,100,0
16.333333,100,0
16.335,100,0
16.336667,100,0
16.338333,100,0
16.34,100,0
16.341667,100,0
16.343333,100,0
16.345,100,0
16.346667,100,0
16.348333,100,0
16.35,100,0
16.351667,100,0
16.353333,100,0
16.355,100,0
16.356667,100,0
16.358333,100,0
16.36,100,0
16.361667,100,0
16.363333,100,0
16.365,100,0
16.366667,100,0
16.368333,100,0
16.37,100,0
16.371667,100,0
16.373333,100,0
16.375,100,0
16.376667,100,0
16.378333,100,0
16.38,100,0
16.381667,100,0
16.383333,100,0
16.385,100,0
16.386667,100,0
16.388333,100,0
16.39,100,0
16.391667,100,0
16.393333,100,0
16.395,100,0
16.396667,100,0
16.398333,100,0
16.4,100,0
16.401667,100,0
16.403333,100,0
16.405,100,0
16.406667,100,0
16.408333,100,0
16.41,100,0
16.411667,100,0
16.413333,100,0
16.415,100,0
16.416667,100,0
16.418333,100,0
16.42,100,0
16.421667,100,0
16.423333,100,0
16.425,100,0
16.426667,100,0
16.428333,100,0
16.43,100,0
16.431667,100,0
16.433333,100,0
16.435,100,0
16.436667,100,0
16.438333,100,0
16.44,100,0
16.441667,100,0
16.443333,100,0
16.445,100,0
16.446667,100,0
16.448333,100,0
16.45,100,0
16.451667,100,0
16.453333,100,0
16.455,100,0
16.456667,100,0
16.458333,100,0
16.46,100,0
16.461667,100,0
16.463333,100,0
16.465,100,0
16.466667,100,0
16.468333,100,0
16.47,100,0
16.471667,100,0
16.473333,100,0
16.475,100,0
16.476667,100,0
16.478333,100,0
16.48,100,0
16.481667,100,0
16.483333,100,0
16.485,100,0
16.486667,100,0
16.488333,100,0
16.49,100,0
16.491667,100,0
16.493333,100,0
16.495,100,0
16.496667,100,0
16.498333,100,0
16.5,100,0
16.501667,100,0
16.503333,100,0
16.505,100,0
16.506667,100,0
16.508333,100,0
16.51,100,0
16.511667,100,0
16.513333,100,0
16.515,100,0
16.516667,100,0
16.518333,100,0
16.52,100,0
16.521667,100,0
16.523333,100,0
16.525,100,0
16.526667,100,0
16.528333,100,0
16.53,100,0
16.531667,100,0
16.533333,100,0
16.535,100,0
16.536667,100,0
16.538333,100,0
16.54,100,0
16.541667,100,0
16.543333,100,0
16.545,100,0
16.546667,100,0
16.548333,100,0
16.55,100,0
16.551667,100,0
16.553333,100,0
16.555,100,0
16.556667,100,0
16.558333,100,0
16.56,100,0
16.561667,100,0
16.563333,100,0
16.565,100,0
16.566667,100,0
16.568333,100,0
16.57,100,0
16.571667,100,0
16.573333,100,0
16.575,100,0
16.576667,100,0
16.578333,100,0
16.58,100,0
16.581667,100,0
16.583333,100,0
16.585,100,0
16.586667,100,0
16.588333,100,0
16.59,100,0
16.591667,100,0
16.593333,100,0
16.595,100,0
16.596667,100,0
16.598333,100,0
16.6,100,0
16.601667,100,0
16.603333,100,0
16.605,100,0
16.606667,100,0
16.608333,100,0
16.61,100,0
16.611667,100,0
16.613333,100,0
16.615,100,0
16.616667,100,0
16.618333,100,0
16.62,100,0
16.621667,100,0
16.623333,100,0
16.625,100,0
16.626667,100,0
16.628333,100,0
16.63,100,0
16.631667,100,0
16.633333,100,0
16.635,100,0
16.636667,100,0
16.638333,100,0
16.64,100,0
16.641667,100,0
16.643333,100,0
16.645,100,0
16.646667,100,0
16.648333,100,0
16.65,100,0
16.651667,100,0
16.653333,100,0
16.655,100,0
16.656667,100,0
16.658333,100,0
16.66,100,0
16.661667,100,0
16.663333,100,0
16.665,100,0
16.666667,100,0
16.668333,100,0
16.67,100,0
16.671667,100,0
16.673333,100,0
16.675,100,0
16.676667,100,0
16.678333,100,0
16.68,100,0
16.681667,100,0
16.683333,100,0
16.685,100,0
16.686667,100,0
16.688333,100,0
16.69,100,0
16.691667,100,0
16.693333,100,0
16.695,100,0
16.696667,100,0
16.698333,100,0
16.7,100,0
16.701667,100,0
16.703333,100,0
16.705,100,0
16.706667,100,0
16.708333,100,0
16.71,100,0
16.711667,100,0
16.713333,100,0
16.715,100,0
16.716667,100,0
16.718333,100,0
16.72,100,0
16.721667,100,0
16.723333,100,0
16.725,100,0
16.726667,100,0
16.728333,100,0
16.73,100,0
16.731667,100,0
16.733333,100,0
16.735,100,0
16.736667,100,0
16.738333,100,0
16.74,100,0
16.741667,100,0
16.743333,100,0
16.745,100,0
16.746667,100,0
16.748333,100,0
16.75,100,0
16.751667,100,0
16.753333,100,0
16.755,100,0
16.756667,100,0
16.758333,100,0
16.76,100,0
16.761667,100,0
16.763333,100,0
16.765,100,0
16.766667,100,0
16.768333,100,0
16.77,100,0
16.771667,100,0
16.773333,100,0
16.775,100,0
16.776667,100,0
16.778333,100,0
16.78,100,0
16.781667,100,0
16.783333,100,0
16.785,100,0
16.786667,100,0
16.788333,100,0
16.79,100,0
16.791667,100,0
16.793333,100,0
16.795,100,0
16.796667,100,0
16.798333,100,0
16.8,100,0
16.801667,100,0
16.803333,100,0
16.805,100,0
16.806667,100,0
16.808333,100,0
16.81,100,0
16.811667,100,0
16.813333,100,0
16.815,100,0
16.816667,100,0
16.818333,100,0
16.82,100,0
16.821667,100,0
16.823333,100,0
16.825,100,0
16.826667,100,0
16.828333,100,0
16.83,100,0
16.831667,100,0
16.833333,100,0
16.835,100,0
16.836667,100,0
16.838333,100,0
16.84,100,0
16.841667,100,0
16.843333,100,0
16.845,100,0
16.846667,100,0
16.848333,100,0
16.85,100,0
16.851667,100,0
16.853333,100,0
16.855,100,0
16.856667,100,0
16.858333,100,0
16.86,100,0
16.861667,100,0
16.863333,100,0
16.865,100,0
16.866667,100,0
16.868333,100,0
16.87,100,0
16.871667,100,0
16.873333,100,0
16.875,100,0
16.876667,100,0
16.878333,100,0
16.88,100,0
16.881667,100,0
16.883333,100,0
16.885,100,0
16.886667,100,0
16.888333,100,0
16.89,100,0
16.891667,100,0
16.893333,100,0
16.895,100,0
16.896667,100,0
16.898333,100,0
16.9,100,0
16.901667,100,0
16.903333,100,0
16.905,100,0
16.906667,100,0
16.908333,100,0
16.91,100,0
16.911667,100,0
16.913333,100,0
16.915,100,0
16.916667,100,0
16.918333,100,0
16.92,100,0
16.921667,100,0
16.923333,100,0
16.925,100,0
16.926667,100,0
16.928333,100,0
16.93,100,0
16.931667,100,0
16.933333,100,0
16.935,100,0
16.936667,100,0
16.938333,100,0
16.94,100,0
16.941667,100,0
16.943333,100,0
16.945,100,0
16.946667,100,0
16.948333,100,0
16.95,100,0
16.951667,100,0
16.953333,100,0
16.955,100,0
16.956667,100,0
16.958333,100,0
16.96,100,0
16.961667,100,0
16.963333,100,0
16.965,100,0
16.966667,100,0
16.968333,100,0
16.97,100,0
16.971667,100,0
16.973333,100,0
16.975,100,0
16.976667,100,0
16.978333,100,0
16.98,100,0
16.981667,100,0
16.983333,100,0
16.985,100,0
16.986667,100,0
16.988333,100,0
16.99,100,0
16.991667,100,0
16.993333,100,0
16.995,100,0
16.996667,100,0
16.998333,100,0
17.0,100,0
17.001667,100,0
17.003333,100,0
17.005,100,0
17.006667,100,0
17.008333,100,0
17.01,100,0
17.011667,100,0
17.013333,100,0
17.015,100,0
17.016667,100,0
17.018333,100,0
17.02,100,0
17.021667,100,0
17.023333,100,0
17.025,100,0
17.026667,100,0
17.028333,100,0
17.03,100,0
17.031667,100,0
17.033333,100,0
17.035,100,0
17.036667,100,0
17.038333,100,0
17.04,100,0
17.041667,100,0
17.043333,100,0
17.045,100,0
17.046667,100,0
17.048333,100,0
17.05,100,0
17.051667,100,0
17.053333,100,0
17.055,100,0
17.056667,100,0
17.058333,100,0
17.06,100,0
17.061667,100,0
17.063333,100,0
17.065,100,0
17.066667,100,0
17.068333,100,0
17.07,100,0
17.071667,100,0
17.073333,100,0
17.075,100,0
17.076667,100,0
17.078333,100,0
17.08,100,0
17.081667,100,0
17.083333,100,0
17.085,100,0
17.086667,100,0
17.088333,100,0
17.09,100,0
17.091667,100,0
17.093333,100,0
17.095,100,0
17.096667,100,0
17.098333,100,0
17.1,100,0
17.101667,100,0
17.103333,100,0
17.105,100,0
17.106667,100,0
17.108333,100,0
17.11,100,0
17.111667,100,0
17.113333,100,0
17.115,100,0
17.116667,100,0
17.118333,100,0
17.12,100,0
17.121667,100,0
17.123333,100,0
17.125,100,0
17.126667,100,0
17.128333,100,0
17.13,100,0
17.131667,100,0
17.133333,100,0
17.135,100,0
17.136667,100,0
17.138333,100,0
17.14,100,0
17.141667,100,0
17.143333,100,0
17.145,100,0
17.146667,100,0
17.148333,100,0
17.15,100,0
17.151667,100,0
17.153333,100,0
17.155,100,0
17.156667,100,0
17.158333,100,0
17.16,100,0
17.161667,100,0
17.163333,100,0
17.165,100,0
17.166667,100,0
17.168333,100,0
17.17,100,0
17.171667,100,0
17.173333,100,0
17.175,100,0
17.176667,100,0
17.178333,100,0
17.18,100,0
17.181667,100,0
17.183333,100,0
17.185,100,0
17.186667,100,0
17.188333,100,0
17.19,100,0
17.191667,100,0
17.193333,100,0
17.195,100,0
17.196667,100,0
17.198333,100,0
17.2,100,0
17.201667,100,0
17.203333,100,0
17.205,100,0
17.206667,100,0
17.208333,100,0
17.21,100,0
17.211667,100,0
17.213333,100,0
17.215,100,0
17.216667,100,0
17.218333,100,0
17.22,100,0
17.221667,100,0
17.223333,100,0
17.225,100,0
17.226667,100,0
17.228333,100,0
17.23,100,0
17.231667,100,0
17.233333,100,0
17.235,100,0
17.236667,100,0
17.238333,100,0
17.24,100,0
17.241667,100,0
17.243333,100,0
17.245,100,0
17.246667,100,0
17.248333,100,0
17.25,100,0
17.251667,100,0
17.253333,100,0
17.255,100,0
17.256667,100,0
17.258333,100,0
17.26,100,0
17.261667,100,0
17.263333,100,0
17.265,100,0
17.266667,100,0
17.268333,100,0
17.27,100,0
17.271667,100,0
17.273333,100,0
17.275,100,0
17.276667,100,0
17.278333,100,0
17.28,100,0
17.281667,100,0
17.283333,100,0
17.285,100,0
17.286667,100,0
17.288333,100,0
17.29,100,0
17.291667,100,0
17.293333,100,0
17.295,100,0
17.296667,100,0
17.298333,100,0
17.3,100,0
17.301667,100,0
17.303333,100,0
17.305,100,0
17.306667,100,0
17.308333,100,0
17.31,100,0
17.311667,100,0
17.313333,100,0
17.315,100,0
17.316667,100,0
17.318333,100,0
17.32,100,0
17.321667,100,0
17.323333,100,0
17.325,100,0
17.326667,100,0
17.328333,100,0
17.33,100,0
17.331667,100,0
17.333333,100,0
17.335,100,0
17.336667,100,0
17.338333,100,0
17.34,100,0
17.341667,100,0
17.343333,100,0
17.345,100,0
17.346667,100,0
17.348333,100,0
17.35,100,0
17.351667,100,0
17.353333,100,0
17.355,100,0
17.356667,100,0
17.358333,100,0
17.36,100,0
17.361667,100,0
17.363333,100,0
17.365,100,0
17.366667,100,0
17.368333,100,0
17.37,100,0
17.371667,100,0
17.373333,100,0
17.375,100,0
17.376667,100,0
17.378333,100,0
17.38,100,0
17.381667,100,0
17.383333,100,0
17.385,100,0
17.386667,100,0
17.388333,100,0
17.39,100,0
17.391667,100,0
17.393333,100,0
17.395,100,0
17.396667,100,0
17.398333,100,0
17.4,100,0
17.401667,100,0
17.403333,100,0
17.405,100,0
17.406667,100,0
17.408333,100,0
17.41,100,0
17.411667,100,0
17.413333,100,0
17.415,100,0
17.416667,100,0
17.418333,100,0
17.42,100,0
17.421667,100,0
17.423333,100,0
17.425,100,0
17.426667,100,0
17.428333,100,0
17.43,100,0
17.431667,100,0
17.433333,100,0
17.435,100,0
17.436667,100,0
17.438333,100,0
17.44,100,0
17.441667,100,0
17.443333,100,0
17.445,100,0
17.446667,100,0
17.448333,100,0
17.45,100,0
17.451667,100,0
17.453333,100,0
17.455,100,0
17.456667,100,0
17.458333,100,0
17.46,100,0
17.461667,100,0
17.463333,100,0
17.465,100,0
17.466667,100,0
17.468333,100,0
17.47,100,0
17.471667,100,0
17.473333,100,0
17.475,100,0
17.476667,100,0
17.478333,100,0
17.48,100,0
17.481667,100,0
17.483333,100,0
17.485,100,0
17.486667,100,0
17.488333,100,0
17.49,100,0
17.491667,100,0
17.493333,100,0
17.495,100,0
17.496667,100,0
17.498333,100,0
17.5,100,0
17.501667,100,0
17.503333,100,0
17.505,100,0
17.506667,100,0
17.508333,100,0
17.51,100,0
17.511667,100,0
17.513333,100,0
17.515,100,0
17.516667,100,0
17.518333,100,0
17.52,100,0
17.521667,100,0
17.523333,100,0
17.525,100,0
17.526667,100,0
17.528333,100,0
17.53,100,0
17.531667,100,0
17.533333,100,0
17.535,100,0
17.536667,100,0
17.538333,100,0
17.54,100,0
17.541667,100,0
17.543333,100,0
17.545,100,0
17.546667,100,0
17.548333,100,0
17.55,100,0
17.551667,100,0
17.553333,100,0
17.555,100,0
17.556667,100,0
17.558333,100,0
17.56,100,0
17.561667,100,0
17.563333,100,0
17.565,100,0
17.566667,100,0
17.568333,100,0
17.57,100,0
17.571667,100,0
17.573333,100,0
17.575,100,0
17.576667,100,0
17.578333,100,0
17.58,100,0
17.581667,100,0
17.583333,100,0
17.585,100,0
17.586667,100,0
17.588333,100,0
17.59,100,0
17.591667,100,0
17.593333,100,0
17.595,100,0
17.596667,100,0
17.598333,100,0
17.6,100,0
17.601667,100,0
17.603333,100,0
17.605,100,0
17.606667,100,0
17.608333,100,0
17.61,100,0
17.611667,100,0
17.613333,100,0
17.615,100,0
17.616667,100,0
17.618333,100,0
17.62,100,0
17.621667,100,0
17.623333,100,0
17.625,100,0
17.626667,100,0
17.628333,100,0
17.63,100,0
17.631667,100,0
17.633333,100,0
17.635,100,0
17.636667,100,0
17.638333,100,0
17.64,100,0
17.641667,100,0
17.643333,100,0
17.645,100,0
17.646667,100,0
17.648333,100,0
17.65,100,0
17.651667,100,0
17.653333,100,0
17.655,100,0
17.656667,100,0
17.658333,100,0
17.66,100,0
17.661667,100,0
17.663333,100,0
17.665,100,0
17.666667,100,0
17.668333,100,0
17.67,100,0
17.671667,100,0
17.673333,100,0
17.675,100,0
17.676667,100,0
17.678333,100,0
17.68,100,0
17.681667,100,0
17.683333,100,0
17.685,100,0
17.686667,100,0
17.688333,100,0
17.69,100,0
17.691667,100,0
17.693333,100,0
17.695,100,0
17.696667,100,0
17.698333,100,0
17.7,100,0
17.701667,100,0
17.703333,100,0
17.705,100,0
17.706667,100,0
17.708333,100,0
17.71,100,0
17.711667,100,0
17.713333,100,0
17.715,100,0
17.716667,100,0
17.718333,100,0
17.72,100,0
17.721667,100,0
17.723333,100,0
17.725,100,0
17.726667,100,0
17.728333,100,0
17.73,100,0
17.731667,100,0
17.733333,100,0
17.735,100,0
17.736667,100,0
17.738333,100,0
17.74,100,0
17.741667,100,0
17.743333,100,0
17.745,100,0
17.746667,100,0
17.748333,100,0
17.75,100,0
17.751667,100,0
17.753333,100,0
17.755,100,0
17.756667,100,0
17.758333,100,0
17.76,100,0
17.761667,100,0
17.763333,100,0
17.765,100,0
17.766667,100,0
17.768333,100,0
17.77,100,0
17.771667,100,0
17.773333,100,0
17.775,100,0
17.776667,100,0
17.778333,100,0
17.78,100,0
17.781667,100,0
17.783333,100,0
17.785,100,0
17.786667,100,0
17.788333,100,0
17.79,100,0
17.791667,100,0
17.793333,100,0
17.795,100,0
17.796667,100,0
17.798333,100,0
17.8,100,0
17.801667,100,0
17.803333,100,0
17.805,100,0
17.806667,100,0
17.808333,100,0
17.81,100,0
17.811667,100,0
17.813333,100,0
17.815,100,0
17.816667,100,0
17.818333,100,0
17.82,100,0
17.821667,100,0
17.823333,100,0
17.825,100,0
17.826667,100,0
17.828333,100,0
17.83,100,0
17.831667,100,0
17.833333,100,0
17.835,100,0
17.836667,100,0
17.838333,100,0
17.84,100,0
17.841667,100,0
17.843333,100,0
17.845,100,0
17.846667,100,0
17.848333,100,0
17.85,100,0
17.851667,100,0
17.853333,100,0
17.855,100,0
17.856667,100,0
17.858333,100,0
17.86,100,0
17.861667,100,0
17.863333,100,0
17.865,100,0
17.866667,100,0
17.868333,100,0
17.87,100,0
17.871667,100,0
17.873333,100,0
17.875,100,0
17.876667,100,0
17.878333,100,0
17.88,100,0
17.881667,100,0
17.883333,100,0
17.885,100,0
17.886667,100,0
17.888333,100,0
17.89,100,0
17.891667,100,0
17.893333,100,0
17.895,100,0
17.896667,100,0
17.898333,100,0
17.9,100,0
17.901667,100,0
17.903333,100,0
17.905,100,0
17.906667,100,0
17.908333,100,0
17.91,100,0
17.911667,100,0
17.913333,100,0
17.915,100,0
17.916667,100,0
17.918333,100,0
17.92,100,0
17.921667,100,0
17.923333,100,0
17.925,100,0
17.926667,100,0
17.928333,100,0
17.93,100,0
17.931667,100,0
17.933333,100,0
17.935,100,0
17.936667,100,0
17.938333,100,0
17.94,100,0
17.941667,100,0
17.943333,100,0
17.945,100,0
17.946667,100,0
17.948333,100,0
17.95,100,0
17.951667,100,0
17.953333,100,0
17.955,100,0
17.956667,100,0
17.958333,100,0
17.96,100,0
17.961667,100,0
17.963333,100,0
17.965,100,0
17.966667,100,0
17.968333,100,0
17.97,100,0
17.971667,100,0
17.973333,100,0
17.975,100,0
17.976667,100,0
17.978333,100,0
17.98,100,0
17.981667,100,0
17.983333,100,0
17.985,100,0
17.986667,100,0
17.988333,100,0
17.99,100,0
17.991667,100,0
17.993333,100,0
17.995,100,0
17.996667,100,0
17.998333,100,0
18.0,100,0
18.001667,100,0
18.003333,100,0
18.005,100,0
18.006667,100,0
18.008333,100,0
18.01,100,0
18.011667,100,0
18.013333,100,0
18.015,100,0
18.016667,100,0
18.018333,100,0
18.02,100,0
18.021667,100,0
18.023333,100,0
18.025,100,0
18.026667,100,0
18.028333,100,0
18.03,100,0
18.031667,100,0
18.033333,100,0
18.035,100,0
18.036667,100,0
18.038333,100,0
18.04,100,0
18.041667,100,0
18.043333,100,0
18.045,100,0
18.046667,100,0
18.048333,100,0
18.05,100,0
18.051667,100,0
18.053333,100,0
18.055,100,0
18.056667,100,0
18.058333,100,0
18.06,100,0
18.061667,100,0
18.063333,100,0
18.065,100,0
18.066667,100,0
18.068333,100,0
18.07,100,0
18.071667,100,0
18.073333,100,0
18.075,100,0
18.076667,100,0
18.078333,100,0
18.08,100,0
18.081667,100,0
18.083333,100,0
18.085,100,0
18.086667,100,0
18.088333,100,0
18.09,100,0
18.091667,100,0
18.093333,100,0
18.095,100,0
18.096667,100,0
18.098333,100,0
18.1,100,0
18.101667,100,0
18.103333,100,0
18.105,100,0
18.106667,100,0
18.108333,100,0
18.11,100,0
18.111667,100,0
18.113333,100,0
18.115,100,0
18.116667,100,0
18.118333,100,0
18.12,100,0
18.121667,100,0
18.123333,100,0
18.125,100,0
18.126667,100,0
18.128333,100,0
18.13,100,0
18.131667,100,0
18.133333,100,0
18.135,100,0
18.136667,100,0
18.138333,100,0
18.14,100,0
18.141667,100,0
18.143333,100,0
18.145,100,0
18.146667,100,0
18.148333,100,0
18.15,100,0
18.151667,100,0
18.153333,100,0
18.155,100,0
18.156667,100,0
18.158333,100,0
18.16,100,0
18.161667,100,0
18.163333,100,0
18.165,100,0
18.166667,100,0
18.168333,100,0
18.17,100,0
18.171667,100,0
18.173333,100,0
18.175,100,0
18.176667,100,0
18.178333,100,0
18.18,100,0
18.181667,100,0
18.183333,100,0
18.185,100,0
18.186667,100,0
18.188333,100,0
18.19,100,0
18.191667,100,0
18.193333,100,0
18.195,100,0
18.196667,100,0
18.198333,100,0
18.2,100,0
18.201667,100,0
18.203333,100,0
18.205,100,0
18.206667,100,0
18.208333,100,0
18.21,100,0
18.211667,100,0
18.213333,100,0
18.215,100,0
18.216667,100,0
18.218333,100,0
18.22,100,0
18.221667,100,0
18.223333,100,0
18.225,100,0
18.226667,100,0
18.228333,100,0
18.23,100,0
18.231667,100,0
18.233333,100,0
18.235,100,0
18.236667,100,0
18.238333,100,0
18.24,100,0
18.241667,100,0
18.243333,100,0
18.245,100,0
18.246667,100,0
18.248333,100,0
18.25,100,0
18.251667,100,0
18.253333,100,0
18.255,100,0
18.256667,100,0
18.258333,100,0
18.26,100,0
18.261667,100,0
18.263333,100,0
18.265,100,0
18.266667,100,0
18.268333,100,0
18.27,100,0
18.271667,100,0
18.273333,100,0
18.275,100,0
18.276667,100,0
18.278333,100,0
18.28,100,0
18.281667,100,0
18.283333,100,0
18.285,100,0
18.286667,100,0
18.288333,100,0
18.29,100,0
18.291667,100,0
18.293333,100,0
18.295,100,0
18.296667,100,0
18.298333,100,0
18.3,100,0
18.301667,100,0
18.303333,100,0
18.305,100,0
18.306667,100,0
18.308333,100,0
18.31,100,0
18.311667,100,0
18.313333,100,0
18.315,100,0
18.316667,100,0
18.318333,100,0
18.32,100,0
18.321667,100,0
18.323333,100,0
18.325,100,0
18.326667,100,0
18.328333,100,0
18.33,100,0
18.331667,100,0
18.333333,100,0
18.335,100,0
18.336667,100,0
18.338333,100,0
18.34,100,0
18.341667,100,0
18.343333,100,0
18.345,100,0
18.346667,100,0
18.348333,100,0
18.35,100,0
18.351667,100,0
18.353333,100,0
18.355,100,0
18.356667,100,0
18.358333,100,0
18.36,100,0
18.361667,100,0
18.363333,100,0
18.365,100,0
18.366667,100,0
18.368333,100,0
18.37,100,0
18.371667,100,0
18.373333,100,0
18.375,100,0
18.376667,100,0
18.378333,100,0
18.38,100,0
18.381667,100,0
18.383333,100,0
18.385,100,0
18.386667,100,0
18.388333,100,0
18.39,100,0
18.391667,100,0
18.393333,100,0
18.395,100,0
18.396667,100,0
18.398333,100,0
18.4,100,0
18.401667,100,0
18.403333,100,0
18.405,100,0
18.406667,100,0
18.408333,100,0
18.41,100,0
18.411667,100,0
18.413333,100,0
18.415,100,0
18.416667,100,0
18.418333,100,0
18.42,100,0
18.421667,100,0
18.423333,100,0
18.425,100,0
18.426667,100,0
18.428333,100,0
18.43,100,0
18.431667,100,0
18.433333,100,0
18.435,100,0
18.436667,100,0
18.438333,100,0
18.44,100,0
18.441667,100,0
18.443333,100,0
18.445,100,0
18.446667,100,0
18.448333,100,0
18.45,100,0
18.451667,100,0
18.453333,100,0
18.455,100,0
18.456667,100,0
18.458333,100,0
18.46,100,0
18.461667,100,0
18.463333,100,0
18.465,100,0
18.466667,100,0
18.468333,100,0
18.47,100,0
18.471667,100,0
18.473333,100,0
18.475,100,0
18.476667,100,0
18.478333,100,0
18.48,100,0
18.481667,100,0
18.483333,100,0
18.485,100,0
18.486667,100,0
18.488333,100,0
18.49,100,0
18.491667,100,0
18.493333,100,0
18.495,100,0
18.496667,100,0
18.498333,100,0
18.5,100,0
18.501667,100,0
18.503333,100,0
18.505,100,0
18.506667,100,0
18.508333,100,0
18.51,100,0
18.511667,100,0
18.513333,100,0
18.515,100,0
18.516667,100,0
18.518333,100,0
18.52,100,0
18.521667,100,0
18.523333,100,0
18.525,100,0
18.526667,100,0
18.528333,100,0
18.53,100,0
18.531667,100,0
18.533333,100,0
18.535,100,0
18.536667,100,0
18.538333,100,0
18.54,100,0
18.541667,100,0
18.543333,100,0
18.545,100,0
18.546667,100,0
18.548333,100,0
18.55,100,0
18.551667,100,0
18.553333,100,0
18.555,100,0
18.556667,100,0
18.558333,100,0
18.56,100,0
18.561667,100,0
18.563333,100,0
18.565,100,0
18.566667,100,0
18.568333,100,0
18.57,100,0
18.571667,100,0
18.573333,100,0
18.575,100,0
18.576667,100,0
18.578333,100,0
18.58,100,0
18.581667,100,0
18.583333,100,0
18.585,100,0
18.586667,100,0
18.588333,100,0
18.59,100,0
18.591667,100,0
18.593333,100,0
18.595,100,0
18.596667,100,0
18.598333,100,0
18.6,100,0
18.601667,100,0
18.603333,100,0
18.605,100,0
18.606667,100,0
18.608333,100,0
18.61,100,0
18.611667,100,0
18.613333,100,0
18.615,100,0
18.616667,100,0
18.618333,100,0
18.62,100,0
18.621667,100,0
18.623333,100,0
18.625,100,0
18.626667,100,0
18.628333,100,0
18.63,100,0
18.631667,100,0
18.633333,100,0
18.635,100,0
18.636667,100,0
18.638333,100,0
18.64,100,0
18.641667,100,0
18.643333,100,0
18.645,100,0
18.646667,100,0
18.648333,100,0
18.65,100,0
18.651667,100,0
18.653333,100,0
18.655,100,0
18.656667,100,0
18.658333,100,0
18.66,100,0
18.661667,100,0
18.663333,100,0
18.665,100,0
18.666667,100,0
18.668333,100,0
18.67,100,0
18.671667,100,0
18.673333,100,0
18.675,100,0
18.676667,100,0
18.678333,100,0
18.68,100,0
18.681667,100,0
18.683333,100,0
18.685,100,0
18.686667,100,0
18.688333,100,0
18.69,100,0
18.691667,100,0
18.693333,100,0
18.695,100,0
18.696667,100,0
18.698333,100,0
18.7,100,0
18.701667,100,0
18.703333,100,0
18.705,100,0
18.706667,100,0
18.708333,100,0
18.71,100,0
18.711667,100,0
18.713333,100,0
18.715,100,0
18.716667,100,0
18.718333,100,0
18.72,100,0
18.721667,100,0
18.723333,100,0
18.725,100,0
18.726667,100,0
18.728333,100,0
18.73,100,0
18.731667,100,0
18.733333,100,0
18.735,100,0
18.736667,100,0
18.738333,100,0
18.74,100,0
18.741667,100,0
18.743333,100,0
18.745,100,0
18.746667,100,0
18.748333,100,0
18.75,100,0
18.751667,100,0
18.753333,100,0
18.755,100,0
18.756667,100,0
18.758333,100,0
18.76,100,0
18.761667,100,0
18.763333,100,0
18.765,100,0
18.766667,100,0
18.768333,100,0
18.77,100,0
18.771667,100,0
18.773333,100,0
18.775,100,0
18.776667,100,0
18.778333,100,0
18.78,100,0
18.781667,100,0
18.783333,100,0
18.785,100,0
18.786667,100,0
18.788333,100,0
18.79,100,0
18.791667,100,0
18.793333,100,0
18.795,100,0
18.796667,100,0
18.798333,100,0
18.8,100,0
18.801667,100,0
18.803333,100,0
18.805,100,0
18.806667,100,0
18.808333,100,0
18.81,100,0
18.811667,100,0
18.813333,100,0
18.815,100,0
18.816667,100,0
18.818333,100,0
18.82,100,0
18.821667,100,0
18.823333,100,0
18.825,100,0
18.826667,100,0
18.828333,100,0
18.83,100,0
18.831667,100,0
18.833333,100,0
18.835,100,0
18.836667,100,0
18.838333,100,0
18.84,100,0
18.841667,100,0
18.843333,100,0
18.845,100,0
18.846667,100,0
18.848333,100,0
18.85,100,0
18.851667,100,0
18.853333,100,0
18.855,100,0
18.856667,100,0
18.858333,100,0
18.86,100,0
18.861667,100,0
18.863333,100,0
18.865,100,0
18.866667,100,0
18.868333,100,0
18.87,100,0
18.871667,100,0
18.873333,100,0
18.875,100,0
18.876667,100,0
18.878333,100,0
18.88,100,0
18.881667,100,0
18.883333,100,0
18.885,100,0
18.886667,100,0
18.888333,100,0
18.89,100,0
18.891667,100,0
18.893333,100,0
18.895,100,0
18.896667,100,0
18.898333,100,0
18.9,100,0
18.901667,100,0
18.903333,100,0
18.905,100,0
18.906667,100,0
18.908333,100,0
18.91,100,0
18.911667,100,0
18.913333,100,0
18.915,100,0
18.916667,100,0
18.918333,100,0
18.92,100,0
18.921667,100,0
18.923333,100,0
18.925,100,0
18.926667,100,0
18.928333,100,0
18.93,100,0
18.931667,100,0
18.933333,100,0
18.935,100,0
18.936667,100,0
18.938333,100,0
18.94,100,0
18.941667,100,0
18.943333,100,0
18.945,100,0
18.946667,100,0
18.948333,100,0
18.95,100,0
18.951667,100,0
18.953333,100,0
18.955,100,0
18.956667,100,0
18.958333,100,0
18.96,100,0
18.961667,100,0
18.963333,100,0
18.965,100,0
18.966667,100,0
18.968333,100,0
18.97,100,0
18.971667,100,0
18.973333,100,0
18.975,100,0
18.976667,100,0
18.978333,100,0
18.98,100,0
18.981667,100,0
18.983333,100,0
18.985,100,0
18.986667,100,0
18.988333,100,0
18.99,100,0
18.991667,100,0
18.993333,100,0
18.995,100,0
18.996667,100,0
18.998333,100,0
19.0,100,0
19.001667,100,0
19.003333,100,0
19.005,100,0
19.006667,100,0
19.008333,100,0
19.01,100,0
19.011667,100,0
19.013333,100,0
19.015,100,0
19.016667,100,0
19.018333,100,0
19.02,100,0
19.021667,100,0
19.023333,100,0
19.025,100,0
19.026667,100,0
19.028333,100,0
19.03,100,0
19.031667,100,0
19.033333,100,0
19.035,100,0
19.036667,100,0
19.038333,100,0
19.04,100,0
19.041667,100,0
19.043333,100,0
19.045,100,0
19.046667,100,0
19.048333,100,0
19.05,100,0
19.051667,100,0
19.053333,100,0
19.055,100,0
19.056667,100,0
19.058333,100,0
19.06,100,0
19.061667,100,0
19.063333,100,0
19.065,100,0
19.066667,100,0
19.068333,100,0
19.07,100,0
19.071667,100,0
19.073333,100,0
19.075,100,0
19.076667,100,0
19.078333,100,0
19.08,100,0
19.081667,100,0
19.083333,100,0
19.085,100,0
19.086667,100,0
19.088333,100,0
19.09,100,0
19.091667,100,0
19.093333,100,0
19.095,100,0
19.096667,100,0
19.098333,100,0
19.1,100,0
19.101667,100,0
19.103333,100,0
19.105,100,0
19.106667,100,0
19.108333,100,0
19.11,100,0
19.111667,100,0
19.113333,100,0
19.115,100,0
19.116667,100,0
19.118333,100,0
19.12,100,0
19.121667,100,0
19.123333,100,0
19.125,100,0
19.126667,100,0
19.128333,100,0
19.13,100,0
19.131667,100,0
19.133333,100,0
19.135,100,0
19.136667,100,0
19.138333,100,0
19.14,100,0
19.141667,100,0
19.143333,100,0
19.145,100,0
19.146667,100,0
19.148333,100,0
19.15,100,0
19.151667,100,0
19.153333,100,0
19.155,100,0
19.156667,100,0
19.158333,100,0
19.16,100,0
19.161667,100,0
19.163333,100,0
19.165,100,0
19.166667,100,0
19.168333,100,0
19.17,100,0
19.171667,100,0
19.173333,100,0
19.175,100,0
19.176667,100,0
19.178333,100,0
19.18,100,0
19.181667,100,0
19.183333,100,0
19.185,100,0
19.186667,100,0
19.188333,100,0
19.19,100,0
19.191667,100,0
19.193333,100,0
19.195,100,0
19.196667,100,0
19.198333,100,0
19.2,100,0
19.201667,100,0
19.203333,100,0
19.205,100,0
19.206667,100,0
19.208333,100,0
19.21,100,0
19.211667,100,0
19.213333,100,0
19.215,100,0
19.216667,100,0
19.218333,100,0
19.22,100,0
19.221667,100,0
19.223333,100,0
19.225,100,0
19.226667,100,0
19.228333,100,0
19.23,100,0
19.231667,100,0
19.233333,100,0
19.235,100,0
19.236667,100,0
19.238333,100,0
19.24,100,0
19.241667,100,0
19.243333,100,0
19.245,100,0
19.246667,100,0
19.248333,100,0
19.25,100,0
19.251667,100,0
19.253333,100,0
19.255,100,0
19.256667,100,0
19.258333,100,0
19.26,100,0
19.261667,100,0
19.263333,100,0
19.265,100,0
19.266667,100,0
19.268333,100,0
19.27,100,0
19.271667,100,0
19.273333,100,0
19.275,100,0
19.276667,100,0
19.278333,100,0
19.28,100,0
19.281667,100,0
19.283333,100,0
19.285,100,0
19.286667,100,0
19.288333,100,0
19.29,100,0
19.291667,100,0
19.293333,100,0
19.295,100,0
19.296667,100,0
19.298333,100,0
19.3,100,0
19.301667,100,0
19.303333,100,0
19.305,100,0
19.306667,100,0
19.308333,100,0
19.31,100,0
19.311667,100,0
19.313333,100,0
19.315,100,0
19.316667,100,0
19.318333,100,0
19.32,100,0
19.321667,100,0
19.323333,100,0
19.325,100,0
19.326667,100,0
19.328333,100,0
19.33,100,0
19.331667,100,0
19.333333,100,0
19.335,100,0
19.336667,100,0
19.338333,100,0
19.34,100,0
19.341667,100,0
19.343333,100,0
19.345,100,0
19.346667,100,0
19.348333,100,0
19.35,100,0
19.351667,100,0
19.353333,100,0
19.355,100,0
19.356667,100,0
19.358333,100,0
19.36,100,0
19.361667,100,0
19.363333,100,0
19.365,100,0
19.366667,100,0
19.368333,100,0
19.37,100,0
19.371667,100,0
19.373333,100,0
19.375,100,0
19.376667,100,0
19.378333,100,0
19.38,100,0
19.381667,100,0
19.383333,100,0
19.385,100,0
19.386667,100,0
19.388333,100,0
19.39,100,0
19.391667,100,0
19.393333,100,0
19.395,100,0
19.396667,100,0
19.398333,100,0
19.4,100,0
19.401667,100,0
19.403333,100,0
19.405,100,0
19.406667,100,0
19.408333,100,0
19.41,100,0
19.411667,100,0
19.413333,100,0
19.415,100,0
19.416667,100,0
19.418333,100,0
19.42,100,0
19.421667,100,0
19.423333,100,0
19.425,100,0
19.426667,100,0
19.428333,100,0
19.43,100,0
19.431667,100,0
19.433333,100,0
19.435,100,0
19.436667,100,0
19.438333,100,0
19.44,100,0
19.441667,100,0
19.443333,100,0
19.445,100,0
19.446667,100,0
19.448333,100,0
19.45,100,0
19.451667,100,0
19.453333,100,0
19.455,100,0
19.456667,100,0
19.458333,100,0
19.46,100,0
19.461667,100,0
19.463333,100,0
19.465,100,0
19.466667,100,0
19.468333,100,0
19.47,100,0
19.471667,100,0
19.473333,100,0
19.475,100,0
19.476667,100,0
19.478333,100,0
19.48,100,0
19.481667,100,0
19.483333,100,0
19.485,100,0
19.486667,100,0
19.488333,100,0
19.49,100,0
19.491667,100,0
19.493333,100,0
19.495,100,0
19.496667,100,0
19.498333,100,0
19.5,100,0
19.501667,100,0
19.503333,100,0
19.505,100,0
19.506667,100,0
19.508333,100,0
19.51,100,0
19.511667,100,0
19.513333,100,0
19.515,100,0
19.516667,100,0
19.518333,100,0
19.52,100,0
19.521667,100,0
19.523333,100,0
19.525,100,0
19.526667,100,0
19.528333,100,0
19.53,100,0
19.531667,100,0
19.533333,100,0
19.535,100,0
19.536667,100,0
19.538333,100,0
19.54,100,0
19.541667,100,0
19.543333,100,0
19.545,100,0
19.546667,100,0
19.548333,100,0
19.55,100,0
19.551667,100,0
19.553333,100,0
19.555,100,0
19.556667,100,0
19.558333,100,0
19.56,100,0
19.561667,100,0
19.563333,100,0
19.565,100,0
19.566667,100,0
19.568333,100,0
19.57,100,0
19.571667,100,0
19.573333,100,0
19.575,100,0
19.576667,100,0
19.578333,100,0
19.58,100,0
19.581667,100,0
19.583333,100,0
19.585,100,0
19.586667,100,0
19.588333,100,0
19.59,100,0
19.591667,100,0
19.593333,100,0
19.595,100,0
19.596667,100,0
19.598333,100,0
19.6,100,0
19.601667,100,0
19.603333,100,0
19.605,100,0
19.606667,100,0
19.608333,100,0
19.61,100,0
19.611667,100,0
19.613333,100,0
19.615,100,0
19.616667,100,0
19.618333,100,0
19.62,100,0
19.621667,100,0
19.623333,100,0
19.625,100,0
19.626667,100,0
19.628333,100,0
19.63,100,0
19.631667,100,0
19.633333,100,0
19.635,100,0
19.636667,100,0
19.638333,100,0
19.64,100,0
19.641667,100,0
19.643333,100,0
19.645,100,0
19.646667,100,0
19.648333,100,0
19.65,100,0
19.651667,100,0
19.653333,100,0
19.655,100,0
19.656667,100,0
19.658333,100,0
19.66,100,0
19.661667,100,0
19.663333,100,0
19.665,100,0
19.666667,100,0
19.668333,100,0
19.67,100,0
19.671667,100,0
19.673333,100,0
19.675,100,0
19.676667,100,0
19.678333,100,0
19.68,100,0
19.681667,100,0
19.683333,100,0
19.685,100,0
19.686667,100,0
19.688333,100,0
19.69,100,0
19.691667,100,0
19.693333,100,0
19.695,100,0
19.696667,100,0
19.698333,100,0
19.7,100,0
19.701667,100,0
19.703333,100,0
19.705,100,0
19.706667,100,0
19.708333,100,0
19.71,100,0
19.711667,100,0
19.713333,100,0
19.715,100,0
19.716667,100,0
19.718333,100,0
19.72,100,0
19.721667,100,0
19.723333,100,0
19.725,100,0
19.726667,100,0
19.728333,100,0
19.73,100,0
19.731667,100,0
19.733333,100,0
19.735,100,0
19.736667,100,0
19.738333,100,0
19.74,100,0
19.741667,100,0
19.743333,100,0
19.745,100,0
19.746667,100,0
19.748333,100,0
19.75,100,0
19.751667,100,0
19.753333,100,0
19.755,100,0
19.756667,100,0
19.758333,100,0
19.76,100,0
19.761667,100,0
19.763333,100,0
19.765,100,0
19.766667,100,0
19.768333,100,0
19.77,100,0
19.771667,100,0
19.773333,100,0
19.775,100,0
19.776667,100,0
19.778333,100,0
19.78,100,0
19.781667,100,0
19.783333,100,0
19.785,100,0
19.786667,100,0
19.788333,100,0
19.79,100,0
19.791667,100,0
19.793333,100,0
19.795,100,0
19.796667,100,0
19.798333,100,0
19.8,100,0
19.801667,100,0
19.803333,100,0
19.805,100,0
19.806667,100,0
19.808333,100,0
19.81,100,0
19.811667,100,0
19.813333,100,0
19.815,100,0
19.816667,100,0
19.818333,100,0
19.82,100,0
19.821667,100,0
19.823333,100,0
19.825,100,0
19.826667,100,0
19.828333,100,0
19.83,100,0
19.831667,100,0
19.833333,100,0
19.835,100,0
19.836667,100,0
19.838333,100,0
19.84,100,0
19.841667,100,0
19.843333,100,0
19.845,100,0
19.846667,100,0
19.848333,100,0
19.85,100,0
19.851667,100,0
19.853333,100,0
19.855,100,0
19.856667,100,0
19.858333,100,0
19.86,100,0
19.861667,100,0
19.863333,100,0
19.865,100,0
19.866667,100,0
19.868333,100,0
19.87,100,0
19.871667,100,0
19.873333,100,0
19.875,100,0
19.876667,100,0
19.878333,100,0
19.88,100,0
19.881667,100,0
19.883333,100,0
19.885,100,0
19.886667,100,0
19.888333,100,0
19.89,100,0
19.891667,100,0
19.893333,100,0
19.895,100,0
19.896667,100,0
19.898333,100,0
19.9,100,0
19.901667,100,0
19.903333,100,0
19.905,100,0
19.906667,100,0
19.908333,100,0
19.91,100,0
19.911667,100,0
19.913333,100,0
19.915,100,0
19.916667,100,0
19.918333,100,0
19.92,100,0
19.921667,100,0
19.923333,100,0
19.925,100,0
19.926667,100,0
19.928333,100,0
19.93,100,0
19.931667,100,0
19.933333,100,0
19.935,100,0
19.936667,100,0
19.938333,100,0
19.94,100,0
19.941667,100,0
19.943333,100,0
19.945,100,0
19.946667,100,0
19.948333,100,0
19.95,100,0
19.951667,100,0
19.953333,100,0
19.955,100,0
19.956667,100,0
19.958333,100,0
19.96,100,0
19.961667,100,0
19.963333,100,0
19.965,100,0
19.966667,100,0
19.968333,100,0
19.97,100,0
19.971667,100,0
19.973333,100,0
19.975,100,0
19.976667,100,0
19.978333,100,0
19.98,100,0
19.981667,100,0
19.983333,100,0
19.985,100,0
19.986667,100,0
19.988333,100,0
19.99,100,0
19.991667,100,0
19.993333,100,0
19.995,100,0
19.996667,100,0
19.998333,100,0
20.0,100,0
